資料表,分類,筆數,Magic 名稱,產生 DDL
A01,業務,129150,A01單據屬性,Y
A01_1,業務,0,單據記錄,Y
A01_10,業務,0,單據傳票表頭,Y
A01_11,業務,0,單據付款記錄,Y
A01_12,業務,0,單據動作確認,Y
A01_13,業務,0,單據意見設計,Y
A01_14,業務,0,單據意見回覆,Y
A01_15,業務,4,單據個人註解,Y
A01_16,業務,0,單據關鍵字,Y
A01_17,業務,1,單據外部簽核記錄,Y
A01_18,業務,1363,單據留言板,Y
A01_19,業務,0,單據變更日期,Y
A01_2,業務,414896,單據流程,Y
A01_3,業務,559354,單據活動,Y
A01_4,業務,129649,單據授權,Y
A01_5,業務,7,單據附件,Y
A01_6,業務,0,單據受文者,Y
A01_7,業務,0,單據自定內容,Y
A01_8,業務,1,單據自定資料,Y
A01_9,業務,0,單據傳票明細,Y
A02,業務,0,Translation,Y
A03,業務,0,SignHistory,Y
A04,業務,0,TalkingStatus,Y
A05,業務,0,LogonSetting,Y
A06,業務,0,CntList,Y
A07,業務,0,Tree Menu,Y
A10,業務,0,A10系統代碼,Y
A20,業務,47,A20元件註冊,Y
A20_1,業務,220,A20元件流程,Y
A20_2,業務,0,A20元件參考,Y
A20_3,業務,0,A20元件取號,Y
A20_4,業務,0,A20元件自定欄位,Y
A20_5,業務,0,A20元件科目,Y
A20_6,業務,0,A20元件執行,Y
A20_7,業務,0,A20元件階層,Y
A20_8,業務,15,A20元件簽核類別,Y
A30,業務,19,A30群組資料,Y
A30_1,業務,0,A30群組成員,Y
A30_2,業務,0,A30群組表單,Y
A30_3,業務,14,A30群組歸屬,Y
A35,業務,0,A35單位資料,Y
A40,業務,18,A40職稱資料,Y
A50,業務,2,A50公司資料,Y
A60_7,業務,80,A06代理人,Y
A60_8,業務,288,A60管轄部門,Y
A61,業務,0,,Y
A62,業務,0,,Y
A63,業務,0,,Y
A64,業務,0,,Y
A65,業務,0,,Y
A70,業務,0,A70作業程序,Y
A70_1,業務,0,A70作業明細,Y
A80,業務,0,公告記錄,Y
A80_1,業務,0,通知對象,Y
A90,業務,0,匯率資料,Y
AA0,業務,0,倉庫資料,Y
APP,業務,1,模組參數,Y
BCK029,備份,6282,,Y
BCK053,備份,98470,,Y
BCK776,備份,140527,,Y
CALENDAR,業務,0,Calendar,Y
CALENDARSN,業務,0,CalSeqNo,Y
CALENDARTEMP,業務,0,CalendarTemp,Y
CALENDARTZ,業務,0,CalTZData,Y
CALTIMELINE,業務,0,CalTimeLine,Y
CNV016,轉檔,0,,Y
CNV040,轉檔,0,,Y
CNV057,轉檔,0,,Y
CNV059,轉檔,0,,Y
CNV074,轉檔,0,,Y
CNV087,轉檔,0,,Y
CTXCHECKLIST,業務,0,CtxCheckList,Y
DATAVIEW001,業務,1810,,Y
DOC_ALLOWEDSIZE,業務,174,個人限定,Y
DOC_DOCBYTOOL,業務,4583,文件屬性,Y
DOC_DOCSEQNO,業務,141,日期序號,Y
DOC_FOLDEROPEN2GR,業務,0,頁籤節點群組,Y
DOC_FOLDERRIGHTS,業務,0,頁籤節點使用者,Y
DOC_GROUP,業務,0,,Y
DOC_GROUPOBJ,業務,15,GroupObj,Y
DOC_GROUPUSERS,業務,40,GroupUsers,Y
DOC_JOBSTATUS,業務,7770,JobStatus,Y
DOC_KMCATEGORY,業務,22,頁籤,Y
DOC_KMTREE,業務,217,樹狀結構,Y
DOC_STATUS,業務,0,Status,Y
DOC_TYPE,業務,8,文件類別,Y
DOC_UPLOADHISTORY,業務,95,上傳履歷,Y
DOC_USEROBJ,業務,55,UserObj,Y
DTFIL001,業務,236405,卡鐘匯入資料,Y
DTFIL002,業務,49142,卡鐘匯入資料二,Y
EMPDLYREC,業務,0,,Y
EMPMTHJOBS,業務,0,,Y
EMPMTHSAL,業務,81,,Y
EMPSALTEMP,業務,81,,Y
EMPSYS,業務,1,,Y
EMPSYS1,業務,1,,Y
EUDC,業務,234,,Y
FAMI4INS,業務,0,,Y
FAMI4TAX,業務,0,,Y
FIL0010,業務,185,0.員工資料檔,Y
FIL0010A,業務,222,0.簽核類別設定,Y
FIL0011,業務,901,0.廠客資料檔,Y
FIL0012,業務,19152,0.品號資料檔,Y
FIL0013,業務,6,0.廠別資料檔,Y
FIL0014,業務,130,0.廠客其它聯絡人,Y
FIL0015,業務,667,0.廠客送貨地址,Y
FIL0016,業務,0,0.請假資料檔,Y
FIL0017,業務,2,0.單位換算檔,Y
FIL0018,業務,0,0.科目代碼檔,Y
FIL0019,業務,5,0.採購單價檔,Y
FIL0020,業務,19,0.部門資料檔,Y
FIL0021,業務,5288,0.銀行資料檔,Y
FIL0022,業務,6,0.匯率資料檔,Y
FIL0023,業務,2,0.費用項目檔,Y
FIL0024,業務,147,0.員工製程檔,Y
FIL0025,業務,10,0.班別代碼檔,Y
FIL0030,業務,254783,0.異動單主檔,Y
FIL0031,業務,151230,0.特殊欄位主檔,Y
FIL0032,業務,12829,0.產品條件主檔,Y
FIL0033,業務,23404,0.產品條件副檔一,Y
FIL0033A,業務,323590,0.製袋箱號,Y
FIL0033B,業務,85181,0.成捲箱號,Y
FIL0033C,業務,20,0.產品條件製程檔,Y
FIL0034,業務,25273,0.產品條件材料,Y
FIL0035,業務,1,0.產品條件變更,Y
FIL0036,業務,3,0.製稿工作指示,Y
FIL0037,業務,144568,0.備註副檔二,Y
FIL0037A,業務,744,0.行事曆說明,Y
FIL0037B,業務,122,0.客戶看色記錄,Y
FIL0038,業務,38630,0.其它說明主檔,Y
FIL0039,業務,12324,0.產品條件製程,Y
FIL003A,業務,15502,0.產品條件產編,Y
FIL003A1,業務,194031,0.產品條件半成品編碼,Y
FIL003A2,業務,280,0.產品條件共用製令,Y
FIL003A3,業務,1945,0.產品條件客戶要求,Y
FIL003B,業務,17,0.產品條件製程用料,Y
FIL003C,業務,7848,0.產品條件共版,Y
FIL003D,業務,43576,0.產品條件送貨地址,Y
FIL003E,業務,9617,0.成品檢驗記錄表/出廠檢驗報告,Y
FIL003F,業務,11971,0.產品條件標籤,Y
FIL003F1,業務,5797,0.產品裁切標籤,Y
FIL003FTEST,測試,234,,Y
FIL003G,業務,16502,0.製袋線上巡檢記錄表,Y
FIL003H,業務,9027,0.氣閥鐵條線上巡檢表,Y
FIL003I,業務,9930,0.估價單主檔,Y
FIL003J,業務,0,0.估價單袋型,Y
FIL003J1,業務,123,0.估價單燙金,Y
FIL003K1,業務,150,0.客訴單主檔,Y
FIL003L1,業務,418,0.品質異常單主檔,Y
FIL003M1,業務,142,0.銷退處理記錄表主檔,Y
FIL003N1,業務,1,0.特採申請單主檔,Y
FIL003O,業務,3383,0.生產日報附加欄位,Y
FIL003P,業務,91878,0.報價條文,Y
FIL003TESTF,測試,0,,Y
FIL0040,業務,1295552,0.異動單明細,Y
FIL00401,業務,434764,0.異動單切分,Y
FIL0040_A,業務,109919,0.異動單明細中繼檔,Y
FIL0041,業務,1190072,0.特殊欄位明細,Y
FIL0041_A,業務,109913,0.特殊欄位明細中繼檔,Y
FIL0041_B,業務,26281,0.熟成室管制表,Y
FIL0041_BA,業務,3386,0.冷鏈室管制表,Y
FIL0042,業務,0,0.費用明細檔,Y
FIL0043,業務,278299,0.條碼管理檔,Y
FIL0044,業務,111306,0.條碼異動檔,Y
FIL0044A,業務,55868,0.條碼列印記錄,Y
FIL0044B,業務,12,0.總標籤位置,Y
FIL0045,業務,2,xx0.半成品領用,Y
FIL0046,業務,0,xx0.油墨領用檔,Y
FIL0047,業務,414,0.加熱器名稱,Y
FIL0048,業務,777964,0.加熱器溫度,Y
FIL0049,業務,88665,0.自主檢查檔,Y
FIL004A,業務,953927,0.標籤列印記錄,Y
FIL004B,業務,319187,0.製成品屬性,Y
FIL004C,業務,15,0.檢驗水準,Y
FIL004D,業務,38581,0.版銅入庫檔,Y
FIL004E,業務,32968,0.版銅異動檔,Y
FIL004F,業務,10222,0.裁切OPRP檢查,Y
FIL004G,業務,9781,0.報價對應估價明細,Y
FIL004H,業務,219366,0.成品批號庫存,Y
FIL004I,業務,15042,0.積層CCP檢查,Y
FIL004J,業務,108,0.熟成室管制歷履,Y
FIL004JA,業務,1,0.冷鏈室管制歷履,Y
FIL004K,業務,778,0.熟成室其它製程轉入,Y
FIL004KA,業務,0,0.冷鏈室其它製程轉入,Y
FIL004L,業務,689492,0.製程批號異動明細,Y
FIL004N,業務,929,0.原物料異動明細,Y
FIL004O,業務,3,0.客供品異動明細,Y
FIL0050,業務,22135,0.單據編號檔,Y
FIL0051,業務,8219,0.臨時單號檔,Y
FIL0060,業務,0,0.表單確認檔,Y
FIL0070,業務,0,0.表單送簽檔,Y
FIL0080,業務,0,0.表單簽核檔,Y
FIL0090,業務,84,0.相片資料檔,Y
FIL0100,業務,1467,0.相片明細檔,Y
FIL0120,業務,9305,0.資料匯入暫存,Y
FIL1000,業務,227,1.功能表選單,Y
FIL1001,業務,0,1.外部合併檔,Y
FIL1002,業務,0,1.發佈新聞檔,Y
FIL1003,業務,0,1.工作記錄檔,Y
FIL1004,業務,181981,1.登入記錄檔,Y
FIL1005,業務,134,1.使用者角色,Y
FIL1006,業務,236018,1.系統使用記錄,Y
FIL1007,業務,3861,1.使用者權限,Y
FIL1008,業務,28,1.特殊權限檔,Y
FIL1009,業務,0,1.簽核發送檔,Y
FIL1010,業務,0,1.簽核流程檔,Y
FIL1011,業務,23632,1.簽核附件檔,Y
FIL1012,業務,0,1.簽核組別檔,Y
FIL1013,業務,1,1.簽核人員檔,Y
FIL1014,業務,21078,1.系統代碼檔,Y
FIL1014A,業務,4,1.系統代碼檔明細,Y
FIL1016,業務,19085,1.月曆資料檔,Y
FIL1017,業務,4,1.通知記錄檔,Y
FIL1018,業務,871134,1.修改記錄檔,Y
FIL1019,業務,375,1.工作行事曆,Y
FIL1020,業務,9,1.通知記錄檔(外部),Y
FIL1021,業務,32,1.ISO編號對照,Y
FIL1022,業務,34,1.ISO編號變更明細,Y
FIL1051,業務,3,1.製程成本月彙總,Y
FIL2001,業務,743,2.字詞對照檔,Y
FIL3009,業務,0,3.機台.管制,Y
FIL3009H,業務,0,3.機台.管制歷史,Y
FIL300A,業務,32203,,Y
FIL300B,業務,1681335,3.機台.PLCDataOracle,Y
FIL300B_20230301,備份（名稱含日期）,0,,Y
FIL300C,業務,465,3.機台.PLCDataCode,Y
FIL300D,業務,22726,3.機台.裁切PLC_DATA_Oracle,Y
FIL3011,業務,2709,3.機台.拉力機封口測試記錄表,Y
FIL3012,業務,5160,3.機台.溶濟殘留異味測試記錄表,Y
FIL3013,業務,5543,3.機台.摩擦係數測定檢測記錄表,Y
FIL3014,業務,3260,4.機台.原料測試記錄表,Y
FIL4001,業務,6,4.網站.詢價,Y
FIL4002,業務,670,4.材料.報價,Y
FIL4003,業務,0,4.璿揚ARInvAdd,Y
FIL4011,業務,4,,Y
FIL5001,業務,39,5..材料月批號庫存(分倉),Y
FIL5002,業務,33,5..材料月批號庫存(不分倉),Y
FILI0001,業務,67,合一智感.感測器記錄,Y
FILM008S_WK,業務,2378,View.材料庫存數_S(不分倉)_WK,Y
FILU001,業務,602,u.欄位異動記錄,Y
HRFIL001,業務,12,,Y
HRFIL0020,業務,332,請假匯入明細,Y
HRFIL0021,業務,157054,員工加班一,Y
HRFIL0022,業務,2741,每月其它扣支,Y
HRFIL0023,業務,96961,門禁資料,Y
HRFIL1002,業務,36,薪資系統參數,Y
HRFIL1002A,業務,75,薪資其它參數,Y
HRFIL1007,業務,150833,員工每日出勤,Y
HRFIL1031,業務,4055,請假單,Y
HRFIL1032,業務,1293,特休排定表,Y
HRFIL1033,業務,645,應特休日,Y
HRFIL2001,業務,7796,個人薪資主檔,Y
HRFIL2002,業務,0,所得扶養人數,Y
HRFIL2003,業務,0,健保扶養人數,Y
HRFIL2004,業務,36,薪資項目設定,Y
HRFIL2005,業務,76,每月薪資明細,Y
HRFIL2006,業務,3901,每月薪資彙總,Y
HRFIL2007,業務,162,薪資匯入明細,Y
HRFIL2008,業務,10,職位薪點表,Y
HRMENU,業務,24,,Y
IMCONTACT,業務,0,IM連絡人,Y
MESFLOWITEM,業務,8,MesflowItem,Y
MESSAGES,業務,215257,訊息記錄,Y
OVERTIMESETTING,業務,4,,Y
SALARY_MONTHLY,業務,0,,Y
SALARY_TAXSTD,業務,0,,Y
SALJOBDEFINE,業務,0,,Y
SALMASTER,業務,82,,Y
TEMP_0002845,Magic 暫存表,1,,N
TEMP_0005719,Magic 暫存表,1,,N
TEMP_0013871,Magic 暫存表,5,,N
TEMP_0023584,Magic 暫存表,1,,N
TEMP_0023720,Magic 暫存表,1,,N
TEMP_0030350,Magic 暫存表,3,,N
TEMP_0031632,Magic 暫存表,4,,N
TEMP_0035796,Magic 暫存表,2,,N
TEMP_0036133,Magic 暫存表,10,,N
TEMP_0038200,Magic 暫存表,8,,N
TEMP_0038550,Magic 暫存表,5,,N
TEMP_0047216,Magic 暫存表,3,,N
TEMP_0049322,Magic 暫存表,2,,N
TEMP_0049804,Magic 暫存表,0,,N
TEMP_0051744,Magic 暫存表,3,,N
TEMP_0052332,Magic 暫存表,2,,N
TEMP_0054644,Magic 暫存表,3,,N
TEMP_0056750,Magic 暫存表,1,,N
TEMP_0057590,Magic 暫存表,1,,N
TEMP_0058406,Magic 暫存表,4,,N
TEMP_0058724,Magic 暫存表,4,,N
TEMP_0060079,Magic 暫存表,1,,N
TEMP_0061092,Magic 暫存表,4,,N
TEMP_0065842,Magic 暫存表,2,,N
TEMP_0072144,Magic 暫存表,1,,N
TEMP_0076610,Magic 暫存表,4,,N
TEMP_0079388,Magic 暫存表,5,,N
TEMP_0082112,Magic 暫存表,7,,N
TEMP_0082262,Magic 暫存表,1,,N
TEMP_0083831,Magic 暫存表,2,,N
TEMP_0087008,Magic 暫存表,7,,N
TEMP_0087846,Magic 暫存表,4,,N
TEMP_0090442,Magic 暫存表,1,,N
TEMP_0094794,Magic 暫存表,2,,N
TEMP_0095898,Magic 暫存表,1,,N
TEMP_0097910,Magic 暫存表,1,,N
TEMP_0100520,Magic 暫存表,10,,N
TEMP_0102876,Magic 暫存表,1,,N
TEMP_0103174,Magic 暫存表,4,,N
TEMP_0103692,Magic 暫存表,1,,N
TEMP_0109044,Magic 暫存表,4,,N
TEMP_0110253,Magic 暫存表,1,,N
TEMP_0110804,Magic 暫存表,1,,N
TEMP_0114490,Magic 暫存表,2,,N
TEMP_0117376,Magic 暫存表,6,,N
TEMP_0120066,Magic 暫存表,5,,N
TEMP_0120400,Magic 暫存表,2,,N
TEMP_0124266,Magic 暫存表,6,,N
TEMP_0125154,Magic 暫存表,4,,N
TEMP_0128949,Magic 暫存表,5,,N
TEMP_0134625,Magic 暫存表,1,,N
TEMP_0137141,Magic 暫存表,1,,N
TEMP_0137620,Magic 暫存表,4,,N
TEMP_0148148,Magic 暫存表,17,,N
TEMP_0148328,Magic 暫存表,5,,N
TEMP_0149942,Magic 暫存表,7,,N
TEMP_0150448,Magic 暫存表,7,,N
TEMP_0151078,Magic 暫存表,4,,N
TEMP_0158582,Magic 暫存表,2,,N
TEMP_0160068,Magic 暫存表,7,,N
TEMP_0172028,Magic 暫存表,3,,N
TEMP_0172734,Magic 暫存表,4,,N
TEMP_0174688,Magic 暫存表,0,,N
TEMP_0182472,Magic 暫存表,2,,N
TEMP_0182516,Magic 暫存表,3,,N
TEMP_0182839,Magic 暫存表,5,,N
TEMP_0188788,Magic 暫存表,1,,N
TEMP_0190381,Magic 暫存表,4,,N
TEMP_0193092,Magic 暫存表,2,,N
TEMP_0193841,Magic 暫存表,11,,N
TEMP_0201236,Magic 暫存表,4,,N
TEMP_0201314,Magic 暫存表,3,,N
TEMP_0202935,Magic 暫存表,2,,N
TEMP_0203452,Magic 暫存表,2,,N
TEMP_0204850,Magic 暫存表,2,,N
TEMP_0210816,Magic 暫存表,2,,N
TEMP_0212304,Magic 暫存表,2,,N
TEMP_0214588,Magic 暫存表,1,,N
TEMP_0215474,Magic 暫存表,1,,N
TEMP_0218456,Magic 暫存表,5,,N
TEMP_0220045,Magic 暫存表,4,,N
TEMP_0221778,Magic 暫存表,2,,N
TEMP_0223384,Magic 暫存表,3,,N
TEMP_0225574,Magic 暫存表,9,,N
TEMP_0227524,Magic 暫存表,3,,N
TEMP_0227696,Magic 暫存表,5,,N
TEMP_0228780,Magic 暫存表,1,,N
TEMP_0234252,Magic 暫存表,6,,N
TEMP_0235847,Magic 暫存表,1,,N
TEMP_0236789,Magic 暫存表,3,,N
TEMP_0237260,Magic 暫存表,7,,N
TEMP_0244366,Magic 暫存表,0,,N
TEMP_0244889,Magic 暫存表,1,,N
TEMP_0249966,Magic 暫存表,1,,N
TEMP_0253004,Magic 暫存表,0,,N
TEMP_0258846,Magic 暫存表,0,,N
TEMP_0259206,Magic 暫存表,1,,N
TEMP_0259264,Magic 暫存表,1,,N
TEMP_0259500,Magic 暫存表,5,,N
TEMP_0259570,Magic 暫存表,2,,N
TEMP_0260672,Magic 暫存表,2,,N
TEMP_0265092,Magic 暫存表,3,,N
TEMP_0265646,Magic 暫存表,2,,N
TEMP_0267004,Magic 暫存表,4,,N
TEMP_0269486,Magic 暫存表,1,,N
TEMP_0274571,Magic 暫存表,1,,N
TEMP_0276244,Magic 暫存表,2,,N
TEMP_0279085,Magic 暫存表,1,,N
TEMP_0279318,Magic 暫存表,303,,N
TEMP_0283865,Magic 暫存表,1,,N
TEMP_0284796,Magic 暫存表,0,,N
TEMP_0286836,Magic 暫存表,1,,N
TEMP_0288114,Magic 暫存表,6,,N
TEMP_0288540,Magic 暫存表,3,,N
TEMP_0290302,Magic 暫存表,5,,N
TEMP_0290583,Magic 暫存表,5,,N
TEMP_0292652,Magic 暫存表,1,,N
TEMP_0295090,Magic 暫存表,7,,N
TEMP_0295328,Magic 暫存表,2,,N
TEMP_0298520,Magic 暫存表,3,,N
TEMP_0300262,Magic 暫存表,4,,N
TEMP_0300310,Magic 暫存表,5,,N
TEMP_0302912,Magic 暫存表,15,,N
TEMP_0304019,Magic 暫存表,3,,N
TEMP_0311691,Magic 暫存表,5,,N
TEMP_0312048,Magic 暫存表,3,,N
TEMP_0321592,Magic 暫存表,4,,N
TEMP_0325921,Magic 暫存表,1,,N
TEMP_0328954,Magic 暫存表,2,,N
TEMP_0334162,Magic 暫存表,2,,N
TEMP_0334395,Magic 暫存表,4,,N
TEMP_0336993,Magic 暫存表,2,,N
TEMP_0342112,Magic 暫存表,4,,N
TEMP_0345300,Magic 暫存表,7,,N
TEMP_0352562,Magic 暫存表,1,,N
TEMP_0356483,Magic 暫存表,3,,N
TEMP_0362140,Magic 暫存表,2,,N
TEMP_0362592,Magic 暫存表,5,,N
TEMP_0365529,Magic 暫存表,4,,N
TEMP_0368296,Magic 暫存表,3,,N
TEMP_0369390,Magic 暫存表,5,,N
TEMP_0373520,Magic 暫存表,1,,N
TEMP_0374067,Magic 暫存表,3,,N
TEMP_0378736,Magic 暫存表,4,,N
TEMP_0383707,Magic 暫存表,2,,N
TEMP_0385943,Magic 暫存表,3,,N
TEMP_0386352,Magic 暫存表,2,,N
TEMP_0389171,Magic 暫存表,6,,N
TEMP_0389483,Magic 暫存表,3,,N
TEMP_0389635,Magic 暫存表,0,,N
TEMP_0391580,Magic 暫存表,2,,N
TEMP_0393951,Magic 暫存表,2,,N
TEMP_0394536,Magic 暫存表,8,,N
TEMP_0395058,Magic 暫存表,2,,N
TEMP_0396996,Magic 暫存表,0,,N
TEMP_0400052,Magic 暫存表,1,,N
TEMP_0404250,Magic 暫存表,4,,N
TEMP_0405986,Magic 暫存表,12,,N
TEMP_0410683,Magic 暫存表,2,,N
TEMP_0413098,Magic 暫存表,7,,N
TEMP_0413886,Magic 暫存表,7,,N
TEMP_0415152,Magic 暫存表,1,,N
TEMP_0417657,Magic 暫存表,4,,N
TEMP_0419668,Magic 暫存表,6,,N
TEMP_0419750,Magic 暫存表,3,,N
TEMP_0426386,Magic 暫存表,1,,N
TEMP_0428204,Magic 暫存表,4,,N
TEMP_0430188,Magic 暫存表,6,,N
TEMP_0430566,Magic 暫存表,2,,N
TEMP_0430638,Magic 暫存表,3,,N
TEMP_0431982,Magic 暫存表,8,,N
TEMP_0433565,Magic 暫存表,6,,N
TEMP_0439415,Magic 暫存表,0,,N
TEMP_0442156,Magic 暫存表,2,,N
TEMP_0445414,Magic 暫存表,11,,N
TEMP_0446823,Magic 暫存表,1,,N
TEMP_0448749,Magic 暫存表,3,,N
TEMP_0450624,Magic 暫存表,1,,N
TEMP_0460479,Magic 暫存表,11,,N
TEMP_0460604,Magic 暫存表,0,,N
TEMP_0461204,Magic 暫存表,3,,N
TEMP_0461545,Magic 暫存表,1,,N
TEMP_0464011,Magic 暫存表,9,,N
TEMP_0469915,Magic 暫存表,3,,N
TEMP_0478160,Magic 暫存表,2,,N
TEMP_0478224,Magic 暫存表,4,,N
TEMP_0478368,Magic 暫存表,1,,N
TEMP_0481548,Magic 暫存表,2,,N
TEMP_0481968,Magic 暫存表,4,,N
TEMP_0486172,Magic 暫存表,2,,N
TEMP_0487336,Magic 暫存表,3,,N
TEMP_0492326,Magic 暫存表,0,,N
TEMP_0493700,Magic 暫存表,1,,N
TEMP_0494500,Magic 暫存表,0,,N
TEMP_0495309,Magic 暫存表,4,,N
TEMP_0499624,Magic 暫存表,3,,N
TEMP_0499709,Magic 暫存表,3,,N
TEMP_0500546,Magic 暫存表,11,,N
TEMP_0509330,Magic 暫存表,4,,N
TEMP_0512086,Magic 暫存表,6,,N
TEMP_0514954,Magic 暫存表,4,,N
TEMP_0515618,Magic 暫存表,8,,N
TEMP_0516254,Magic 暫存表,1,,N
TEMP_0516500,Magic 暫存表,10,,N
TEMP_0516566,Magic 暫存表,1,,N
TEMP_0525280,Magic 暫存表,1,,N
TEMP_0526404,Magic 暫存表,2,,N
TEMP_0526858,Magic 暫存表,7,,N
TEMP_0526906,Magic 暫存表,5,,N
TEMP_0527164,Magic 暫存表,3,,N
TEMP_0529224,Magic 暫存表,5,,N
TEMP_0529664,Magic 暫存表,4,,N
TEMP_0531847,Magic 暫存表,1,,N
TEMP_0533300,Magic 暫存表,4,,N
TEMP_0544230,Magic 暫存表,4,,N
TEMP_0545764,Magic 暫存表,1,,N
TEMP_0546372,Magic 暫存表,3,,N
TEMP_0546943,Magic 暫存表,3,,N
TEMP_0549192,Magic 暫存表,2,,N
TEMP_0549246,Magic 暫存表,4,,N
TEMP_0550317,Magic 暫存表,2,,N
TEMP_0551624,Magic 暫存表,6,,N
TEMP_0553758,Magic 暫存表,3,,N
TEMP_0554048,Magic 暫存表,4,,N
TEMP_0561022,Magic 暫存表,1,,N
TEMP_0566840,Magic 暫存表,1,,N
TEMP_0573424,Magic 暫存表,1,,N
TEMP_0574207,Magic 暫存表,0,,N
TEMP_0574628,Magic 暫存表,4,,N
TEMP_0575479,Magic 暫存表,1,,N
TEMP_0576696,Magic 暫存表,1,,N
TEMP_0579161,Magic 暫存表,3,,N
TEMP_0580943,Magic 暫存表,3,,N
TEMP_0581468,Magic 暫存表,3,,N
TEMP_0587457,Magic 暫存表,1,,N
TEMP_0590336,Magic 暫存表,5,,N
TEMP_0593700,Magic 暫存表,8,,N
TEMP_0601253,Magic 暫存表,5,,N
TEMP_0603946,Magic 暫存表,6,,N
TEMP_0607146,Magic 暫存表,1,,N
TEMP_0607415,Magic 暫存表,6,,N
TEMP_0608092,Magic 暫存表,2,,N
TEMP_0608094,Magic 暫存表,2,,N
TEMP_0610002,Magic 暫存表,7,,N
TEMP_0612238,Magic 暫存表,4,,N
TEMP_0613520,Magic 暫存表,6,,N
TEMP_0613904,Magic 暫存表,0,,N
TEMP_0618361,Magic 暫存表,4,,N
TEMP_0620206,Magic 暫存表,2,,N
TEMP_0623310,Magic 暫存表,3,,N
TEMP_0624774,Magic 暫存表,0,,N
TEMP_0626230,Magic 暫存表,2,,N
TEMP_0626250,Magic 暫存表,3,,N
TEMP_0627560,Magic 暫存表,4,,N
TEMP_0628750,Magic 暫存表,9,,N
TEMP_0629409,Magic 暫存表,6,,N
TEMP_0630020,Magic 暫存表,4,,N
TEMP_0636468,Magic 暫存表,6,,N
TEMP_0638868,Magic 暫存表,1,,N
TEMP_0641494,Magic 暫存表,8,,N
TEMP_0643288,Magic 暫存表,1,,N
TEMP_0646208,Magic 暫存表,4,,N
TEMP_0647778,Magic 暫存表,1,,N
TEMP_0648616,Magic 暫存表,2,,N
TEMP_0649044,Magic 暫存表,5,,N
TEMP_0651290,Magic 暫存表,2,,N
TEMP_0653250,Magic 暫存表,2,,N
TEMP_0657120,Magic 暫存表,5,,N
TEMP_0658926,Magic 暫存表,3,,N
TEMP_0659730,Magic 暫存表,6,,N
TEMP_0665388,Magic 暫存表,3,,N
TEMP_0665760,Magic 暫存表,1,,N
TEMP_0665796,Magic 暫存表,2,,N
TEMP_0666968,Magic 暫存表,7,,N
TEMP_0673532,Magic 暫存表,1,,N
TEMP_0677797,Magic 暫存表,5,,N
TEMP_0679266,Magic 暫存表,6,,N
TEMP_0681056,Magic 暫存表,2,,N
TEMP_0681984,Magic 暫存表,2,,N
TEMP_0682144,Magic 暫存表,1,,N
TEMP_0682878,Magic 暫存表,3,,N
TEMP_0685866,Magic 暫存表,1,,N
TEMP_0686990,Magic 暫存表,3,,N
TEMP_0687954,Magic 暫存表,1,,N
TEMP_0688052,Magic 暫存表,3,,N
TEMP_0688692,Magic 暫存表,1,,N
TEMP_0689000,Magic 暫存表,2,,N
TEMP_0691616,Magic 暫存表,1,,N
TEMP_0692672,Magic 暫存表,4,,N
TEMP_0692928,Magic 暫存表,2,,N
TEMP_0696380,Magic 暫存表,12,,N
TEMP_0701710,Magic 暫存表,1,,N
TEMP_0705252,Magic 暫存表,3,,N
TEMP_0708600,Magic 暫存表,3,,N
TEMP_0717560,Magic 暫存表,3,,N
TEMP_0718139,Magic 暫存表,9,,N
TEMP_0718250,Magic 暫存表,3,,N
TEMP_0719829,Magic 暫存表,0,,N
TEMP_0725577,Magic 暫存表,4,,N
TEMP_0728046,Magic 暫存表,2,,N
TEMP_0742103,Magic 暫存表,3,,N
TEMP_0743310,Magic 暫存表,10,,N
TEMP_0752452,Magic 暫存表,6,,N
TEMP_0755158,Magic 暫存表,2,,N
TEMP_0757400,Magic 暫存表,3,,N
TEMP_0759124,Magic 暫存表,0,,N
TEMP_0759671,Magic 暫存表,7,,N
TEMP_0761380,Magic 暫存表,3,,N
TEMP_0763072,Magic 暫存表,4,,N
TEMP_0763117,Magic 暫存表,2,,N
TEMP_0765192,Magic 暫存表,3,,N
TEMP_0769670,Magic 暫存表,4,,N
TEMP_0775512,Magic 暫存表,0,,N
TEMP_0776861,Magic 暫存表,2,,N
TEMP_0779171,Magic 暫存表,3,,N
TEMP_0782146,Magic 暫存表,4,,N
TEMP_0786104,Magic 暫存表,3,,N
TEMP_0786696,Magic 暫存表,4,,N
TEMP_0789960,Magic 暫存表,1,,N
TEMP_0793980,Magic 暫存表,5,,N
TEMP_0796704,Magic 暫存表,6,,N
TEMP_0798592,Magic 暫存表,9,,N
TEMP_0811568,Magic 暫存表,7,,N
TEMP_0816954,Magic 暫存表,0,,N
TEMP_0818112,Magic 暫存表,4,,N
TEMP_0819692,Magic 暫存表,9,,N
TEMP_0820008,Magic 暫存表,1,,N
TEMP_0821977,Magic 暫存表,3,,N
TEMP_0827750,Magic 暫存表,3,,N
TEMP_0830234,Magic 暫存表,2,,N
TEMP_0832969,Magic 暫存表,0,,N
TEMP_0833358,Magic 暫存表,4,,N
TEMP_0837152,Magic 暫存表,0,,N
TEMP_0837380,Magic 暫存表,5,,N
TEMP_0840796,Magic 暫存表,1,,N
TEMP_0844626,Magic 暫存表,2,,N
TEMP_0851652,Magic 暫存表,3,,N
TEMP_0856126,Magic 暫存表,2,,N
TEMP_0857500,Magic 暫存表,2,,N
TEMP_0859875,Magic 暫存表,6,,N
TEMP_0861620,Magic 暫存表,10,,N
TEMP_0864196,Magic 暫存表,2,,N
TEMP_0868768,Magic 暫存表,5,,N
TEMP_0870352,Magic 暫存表,2,,N
TEMP_0879600,Magic 暫存表,3,,N
TEMP_0880476,Magic 暫存表,2,,N
TEMP_0880864,Magic 暫存表,3,,N
TEMP_0883318,Magic 暫存表,5,,N
TEMP_0884120,Magic 暫存表,1,,N
TEMP_0884300,Magic 暫存表,4,,N
TEMP_0886472,Magic 暫存表,1,,N
TEMP_0887780,Magic 暫存表,3,,N
TEMP_0890930,Magic 暫存表,3,,N
TEMP_0891284,Magic 暫存表,1,,N
TEMP_0893287,Magic 暫存表,2,,N
TEMP_0893884,Magic 暫存表,4,,N
TEMP_0894320,Magic 暫存表,0,,N
TEMP_0896852,Magic 暫存表,6,,N
TEMP_0897041,Magic 暫存表,2,,N
TEMP_0897684,Magic 暫存表,7,,N
TEMP_0899799,Magic 暫存表,1,,N
TEMP_0900454,Magic 暫存表,3,,N
TEMP_0903274,Magic 暫存表,7,,N
TEMP_0905752,Magic 暫存表,2,,N
TEMP_0906348,Magic 暫存表,3,,N
TEMP_0909344,Magic 暫存表,3,,N
TEMP_0909472,Magic 暫存表,2,,N
TEMP_0909656,Magic 暫存表,2,,N
TEMP_0913424,Magic 暫存表,4,,N
TEMP_0916142,Magic 暫存表,2,,N
TEMP_0929967,Magic 暫存表,1,,N
TEMP_0930147,Magic 暫存表,0,,N
TEMP_0930785,Magic 暫存表,3,,N
TEMP_0932125,Magic 暫存表,1,,N
TEMP_0932800,Magic 暫存表,4,,N
TEMP_0933546,Magic 暫存表,5,,N
TEMP_0935499,Magic 暫存表,5,,N
TEMP_0936136,Magic 暫存表,1,,N
TEMP_0936352,Magic 暫存表,2,,N
TEMP_0937376,Magic 暫存表,1,,N
TEMP_0942853,Magic 暫存表,3,,N
TEMP_0943408,Magic 暫存表,3,,N
TEMP_0946424,Magic 暫存表,3,,N
TEMP_0948171,Magic 暫存表,12,,N
TEMP_0952704,Magic 暫存表,1,,N
TEMP_0954692,Magic 暫存表,4,,N
TEMP_0960896,Magic 暫存表,1,,N
TEMP_0961314,Magic 暫存表,3,,N
TEMP_0961843,Magic 暫存表,3,,N
TEMP_0964852,Magic 暫存表,2,,N
TEMP_0968712,Magic 暫存表,4,,N
TEMP_0968880,Magic 暫存表,3,,N
TEMP_0971648,Magic 暫存表,1,,N
TEMP_0973750,Magic 暫存表,3,,N
TEMP_0980004,Magic 暫存表,1,,N
TEMP_0981820,Magic 暫存表,3,,N
TEMP_0988391,Magic 暫存表,2,,N
TEMP_0993222,Magic 暫存表,1,,N
TEMP_0993848,Magic 暫存表,2,,N
TEMP_0994730,Magic 暫存表,6,,N
TEMP_0996196,Magic 暫存表,4,,N
TEMP_0997199,Magic 暫存表,5,,N
TEMP_1003392,Magic 暫存表,8,,N
TEMP_1006092,Magic 暫存表,2,,N
TEMP_1008250,Magic 暫存表,7,,N
TEMP_1009067,Magic 暫存表,1,,N
TEMP_1009412,Magic 暫存表,2,,N
TEMP_1011315,Magic 暫存表,2,,N
TEMP_1011640,Magic 暫存表,4,,N
TEMP_1014196,Magic 暫存表,1,,N
TEMP_1017004,Magic 暫存表,1,,N
TEMP_1017631,Magic 暫存表,2,,N
TEMP_1020195,Magic 暫存表,3,,N
TEMP_1026404,Magic 暫存表,1,,N
TEMP_1026488,Magic 暫存表,0,,N
TEMP_1027832,Magic 暫存表,4,,N
TEMP_1033648,Magic 暫存表,2,,N
TEMP_1041704,Magic 暫存表,3,,N
TEMP_1042439,Magic 暫存表,4,,N
TEMP_1043326,Magic 暫存表,4,,N
TEMP_1044184,Magic 暫存表,3,,N
TEMP_1055842,Magic 暫存表,2,,N
TEMP_1056312,Magic 暫存表,3,,N
TEMP_1057092,Magic 暫存表,2,,N
TEMP_1058932,Magic 暫存表,6,,N
TEMP_1060105,Magic 暫存表,4,,N
TEMP_1062440,Magic 暫存表,8,,N
TEMP_1062704,Magic 暫存表,4,,N
TEMP_1072630,Magic 暫存表,9,,N
TEMP_1074012,Magic 暫存表,2,,N
TEMP_1074285,Magic 暫存表,5,,N
TEMP_1080763,Magic 暫存表,2,,N
TEMP_1084300,Magic 暫存表,2,,N
TEMP_1085734,Magic 暫存表,0,,N
TEMP_1093546,Magic 暫存表,371,,N
TEMP_1094040,Magic 暫存表,1,,N
TEMP_1094306,Magic 暫存表,0,,N
TEMP_1095442,Magic 暫存表,1,,N
TEMP_1100472,Magic 暫存表,8,,N
TEMP_1101705,Magic 暫存表,10,,N
TEMP_1103100,Magic 暫存表,5,,N
TEMP_1106384,Magic 暫存表,6,,N
TEMP_1107218,Magic 暫存表,155,,N
TEMP_1107396,Magic 暫存表,0,,N
TEMP_1107666,Magic 暫存表,2,,N
TEMP_1114521,Magic 暫存表,3,,N
TEMP_1115112,Magic 暫存表,12,,N
TEMP_1117894,Magic 暫存表,1,,N
TEMP_1119260,Magic 暫存表,559,,N
TEMP_1119329,Magic 暫存表,4,,N
TEMP_1123222,Magic 暫存表,1,,N
TEMP_1127472,Magic 暫存表,5,,N
TEMP_1129817,Magic 暫存表,3,,N
TEMP_1138546,Magic 暫存表,6,,N
TEMP_1141178,Magic 暫存表,6,,N
TEMP_1152744,Magic 暫存表,1,,N
TEMP_1153004,Magic 暫存表,0,,N
TEMP_1156693,Magic 暫存表,4,,N
TEMP_1157340,Magic 暫存表,1,,N
TEMP_1158684,Magic 暫存表,3,,N
TEMP_1159328,Magic 暫存表,3,,N
TEMP_1159823,Magic 暫存表,7,,N
TEMP_1163740,Magic 暫存表,3,,N
TEMP_1163880,Magic 暫存表,11,,N
TEMP_1164488,Magic 暫存表,2,,N
TEMP_1168054,Magic 暫存表,4,,N
TEMP_1170300,Magic 暫存表,2,,N
TEMP_1170731,Magic 暫存表,1,,N
TEMP_1177020,Magic 暫存表,4,,N
TEMP_1180820,Magic 暫存表,4,,N
TEMP_1182592,Magic 暫存表,2,,N
TEMP_1192634,Magic 暫存表,5,,N
TEMP_1195007,Magic 暫存表,2,,N
TEMP_1198168,Magic 暫存表,4,,N
TEMP_1207996,Magic 暫存表,1,,N
TEMP_1208278,Magic 暫存表,1,,N
TEMP_1210204,Magic 暫存表,2,,N
TEMP_1210795,Magic 暫存表,2,,N
TEMP_1212028,Magic 暫存表,2,,N
TEMP_1215000,Magic 暫存表,1,,N
TEMP_1215644,Magic 暫存表,7,,N
TEMP_1216524,Magic 暫存表,3,,N
TEMP_1217620,Magic 暫存表,2,,N
TEMP_1235178,Magic 暫存表,3,,N
TEMP_1235316,Magic 暫存表,3,,N
TEMP_1238543,Magic 暫存表,5,,N
TEMP_1243390,Magic 暫存表,4,,N
TEMP_1248478,Magic 暫存表,2,,N
TEMP_1254504,Magic 暫存表,1,,N
TEMP_1258597,Magic 暫存表,2,,N
TEMP_1265664,Magic 暫存表,1,,N
TEMP_1272002,Magic 暫存表,3,,N
TEMP_1272980,Magic 暫存表,7,,N
TEMP_1274046,Magic 暫存表,5,,N
TEMP_1276736,Magic 暫存表,7,,N
TEMP_1277204,Magic 暫存表,1,,N
TEMP_1277704,Magic 暫存表,8,,N
TEMP_1279120,Magic 暫存表,1,,N
TEMP_1281658,Magic 暫存表,3,,N
TEMP_1286768,Magic 暫存表,11,,N
TEMP_1287172,Magic 暫存表,3,,N
TEMP_1291467,Magic 暫存表,1,,N
TEMP_1292560,Magic 暫存表,9,,N
TEMP_1292906,Magic 暫存表,2,,N
TEMP_1293533,Magic 暫存表,9,,N
TEMP_1298624,Magic 暫存表,1,,N
TEMP_1299628,Magic 暫存表,3,,N
TEMP_1300022,Magic 暫存表,4,,N
TEMP_1302864,Magic 暫存表,6,,N
TEMP_1304870,Magic 暫存表,1,,N
TEMP_1306421,Magic 暫存表,4,,N
TEMP_1307136,Magic 暫存表,3,,N
TEMP_1307972,Magic 暫存表,1,,N
TEMP_1309804,Magic 暫存表,4,,N
TEMP_1315356,Magic 暫存表,1,,N
TEMP_1316382,Magic 暫存表,1,,N
TEMP_1316571,Magic 暫存表,7,,N
TEMP_1320058,Magic 暫存表,1,,N
TEMP_1321996,Magic 暫存表,2,,N
TEMP_1323752,Magic 暫存表,5,,N
TEMP_1324278,Magic 暫存表,2,,N
TEMP_1332908,Magic 暫存表,1,,N
TEMP_1336120,Magic 暫存表,1,,N
TEMP_1337283,Magic 暫存表,2,,N
TEMP_1338336,Magic 暫存表,1,,N
TEMP_1340504,Magic 暫存表,1,,N
TEMP_1342560,Magic 暫存表,3,,N
TEMP_1345102,Magic 暫存表,3,,N
TEMP_1355046,Magic 暫存表,2,,N
TEMP_1355341,Magic 暫存表,2,,N
TEMP_1355923,Magic 暫存表,1,,N
TEMP_1361048,Magic 暫存表,4,,N
TEMP_1364464,Magic 暫存表,1,,N
TEMP_1370204,Magic 暫存表,0,,N
TEMP_1373213,Magic 暫存表,5,,N
TEMP_1378420,Magic 暫存表,10,,N
TEMP_1378576,Magic 暫存表,8,,N
TEMP_1381104,Magic 暫存表,4,,N
TEMP_1382156,Magic 暫存表,4,,N
TEMP_1384559,Magic 暫存表,2,,N
TEMP_1385172,Magic 暫存表,5,,N
TEMP_1390069,Magic 暫存表,6,,N
TEMP_1391284,Magic 暫存表,1,,N
TEMP_1394516,Magic 暫存表,1,,N
TEMP_1395191,Magic 暫存表,2,,N
TEMP_1405378,Magic 暫存表,9,,N
TEMP_1407070,Magic 暫存表,5,,N
TEMP_1410110,Magic 暫存表,4,,N
TEMP_1411287,Magic 暫存表,1,,N
TEMP_1411984,Magic 暫存表,3,,N
TEMP_1413536,Magic 暫存表,2,,N
TEMP_1419646,Magic 暫存表,1,,N
TEMP_1420109,Magic 暫存表,5,,N
TEMP_1421500,Magic 暫存表,2,,N
TEMP_1426725,Magic 暫存表,2,,N
TEMP_1429213,Magic 暫存表,0,,N
TEMP_1432972,Magic 暫存表,3,,N
TEMP_1433728,Magic 暫存表,1,,N
TEMP_1436424,Magic 暫存表,11,,N
TEMP_1437735,Magic 暫存表,4,,N
TEMP_1444509,Magic 暫存表,2,,N
TEMP_1450217,Magic 暫存表,9,,N
TEMP_1451736,Magic 暫存表,1,,N
TEMP_1463924,Magic 暫存表,2,,N
TEMP_1466051,Magic 暫存表,3,,N
TEMP_1466324,Magic 暫存表,6,,N
TEMP_1466650,Magic 暫存表,3,,N
TEMP_1471469,Magic 暫存表,6,,N
TEMP_1471860,Magic 暫存表,3,,N
TEMP_1472936,Magic 暫存表,1,,N
TEMP_1473596,Magic 暫存表,3,,N
TEMP_1475225,Magic 暫存表,4,,N
TEMP_1476404,Magic 暫存表,3,,N
TEMP_1478253,Magic 暫存表,6,,N
TEMP_1480517,Magic 暫存表,5,,N
TEMP_1485664,Magic 暫存表,6,,N
TEMP_1485706,Magic 暫存表,5,,N
TEMP_1485844,Magic 暫存表,1,,N
TEMP_1491184,Magic 暫存表,7,,N
TEMP_1491936,Magic 暫存表,2,,N
TEMP_1494072,Magic 暫存表,5,,N
TEMP_1497638,Magic 暫存表,2,,N
TEMP_1498580,Magic 暫存表,1,,N
TEMP_1507088,Magic 暫存表,4,,N
TEMP_1507887,Magic 暫存表,5,,N
TEMP_1515204,Magic 暫存表,0,,N
TEMP_1515412,Magic 暫存表,7,,N
TEMP_1515842,Magic 暫存表,2,,N
TEMP_1518132,Magic 暫存表,4,,N
TEMP_1520796,Magic 暫存表,2,,N
TEMP_1533163,Magic 暫存表,7,,N
TEMP_1538250,Magic 暫存表,7,,N
TEMP_1547092,Magic 暫存表,3,,N
TEMP_1550204,Magic 暫存表,2,,N
TEMP_1552262,Magic 暫存表,5,,N
TEMP_1557565,Magic 暫存表,1,,N
TEMP_1560800,Magic 暫存表,2,,N
TEMP_1560900,Magic 暫存表,5,,N
TEMP_1561668,Magic 暫存表,1,,N
TEMP_1564312,Magic 暫存表,2,,N
TEMP_1566796,Magic 暫存表,3,,N
TEMP_1566961,Magic 暫存表,2,,N
TEMP_1569225,Magic 暫存表,0,,N
TEMP_1570300,Magic 暫存表,8,,N
TEMP_1571028,Magic 暫存表,2,,N
TEMP_1571276,Magic 暫存表,3,,N
TEMP_1572097,Magic 暫存表,0,,N
TEMP_1572530,Magic 暫存表,1,,N
TEMP_1574972,Magic 暫存表,4,,N
TEMP_1578103,Magic 暫存表,0,,N
TEMP_1579040,Magic 暫存表,2,,N
TEMP_1584844,Magic 暫存表,12,,N
TEMP_1590346,Magic 暫存表,7,,N
TEMP_1590624,Magic 暫存表,3,,N
TEMP_1590912,Magic 暫存表,1,,N
TEMP_1593531,Magic 暫存表,3,,N
TEMP_1597334,Magic 暫存表,8,,N
TEMP_1597883,Magic 暫存表,3,,N
TEMP_1599543,Magic 暫存表,0,,N
TEMP_1601047,Magic 暫存表,14,,N
TEMP_1602272,Magic 暫存表,5,,N
TEMP_1609496,Magic 暫存表,2,,N
TEMP_1609987,Magic 暫存表,4,,N
TEMP_1614120,Magic 暫存表,2,,N
TEMP_1616875,Magic 暫存表,9,,N
TEMP_1619327,Magic 暫存表,1,,N
TEMP_1624454,Magic 暫存表,2,,N
TEMP_1630599,Magic 暫存表,4,,N
TEMP_1631146,Magic 暫存表,7,,N
TEMP_1634440,Magic 暫存表,2,,N
TEMP_1637032,Magic 暫存表,1,,N
TEMP_1638442,Magic 暫存表,2,,N
TEMP_1640724,Magic 暫存表,7,,N
TEMP_1641009,Magic 暫存表,3,,N
TEMP_1646516,Magic 暫存表,4,,N
TEMP_1647690,Magic 暫存表,0,,N
TEMP_1654704,Magic 暫存表,0,,N
TEMP_1656704,Magic 暫存表,13,,N
TEMP_1658864,Magic 暫存表,5,,N
TEMP_1659332,Magic 暫存表,0,,N
TEMP_1659341,Magic 暫存表,5,,N
TEMP_1663360,Magic 暫存表,1,,N
TEMP_1665486,Magic 暫存表,7,,N
TEMP_1665979,Magic 暫存表,5,,N
TEMP_1667100,Magic 暫存表,5,,N
TEMP_1667171,Magic 暫存表,1,,N
TEMP_1668896,Magic 暫存表,5,,N
TEMP_1669600,Magic 暫存表,2,,N
TEMP_1670752,Magic 暫存表,3,,N
TEMP_1673764,Magic 暫存表,18,,N
TEMP_1676144,Magic 暫存表,6,,N
TEMP_1676950,Magic 暫存表,1,,N
TEMP_1677652,Magic 暫存表,1,,N
TEMP_1678728,Magic 暫存表,4,,N
TEMP_1678796,Magic 暫存表,7,,N
TEMP_1682158,Magic 暫存表,2,,N
TEMP_1682800,Magic 暫存表,5,,N
TEMP_1684458,Magic 暫存表,4,,N
TEMP_1690484,Magic 暫存表,4,,N
TEMP_1692319,Magic 暫存表,10,,N
TEMP_1693736,Magic 暫存表,0,,N
TEMP_1693878,Magic 暫存表,6,,N
TEMP_1702089,Magic 暫存表,10,,N
TEMP_1702758,Magic 暫存表,4,,N
TEMP_1705000,Magic 暫存表,1,,N
TEMP_1706548,Magic 暫存表,3,,N
TEMP_1708625,Magic 暫存表,0,,N
TEMP_1710579,Magic 暫存表,6,,N
TEMP_1714329,Magic 暫存表,2,,N
TEMP_1717327,Magic 暫存表,4,,N
TEMP_1720052,Magic 暫存表,1,,N
TEMP_1720184,Magic 暫存表,1,,N
TEMP_1723859,Magic 暫存表,3,,N
TEMP_1725812,Magic 暫存表,5,,N
TEMP_1732972,Magic 暫存表,0,,N
TEMP_1733608,Magic 暫存表,2,,N
TEMP_1734815,Magic 暫存表,2,,N
TEMP_1735900,Magic 暫存表,6,,N
TEMP_1736046,Magic 暫存表,4,,N
TEMP_1739443,Magic 暫存表,1,,N
TEMP_1745755,Magic 暫存表,2,,N
TEMP_1746795,Magic 暫存表,1,,N
TEMP_1748092,Magic 暫存表,6,,N
TEMP_1749263,Magic 暫存表,2,,N
TEMP_1753392,Magic 暫存表,2,,N
TEMP_1753580,Magic 暫存表,1,,N
TEMP_1758704,Magic 暫存表,2,,N
TEMP_1759079,Magic 暫存表,6,,N
TEMP_1760552,Magic 暫存表,4,,N
TEMP_1762296,Magic 暫存表,8,,N
TEMP_1763737,Magic 暫存表,10,,N
TEMP_1765216,Magic 暫存表,4,,N
TEMP_1765624,Magic 暫存表,5,,N
TEMP_1775360,Magic 暫存表,4,,N
TEMP_1775966,Magic 暫存表,0,,N
TEMP_1776012,Magic 暫存表,1,,N
TEMP_1779848,Magic 暫存表,4,,N
TEMP_1782124,Magic 暫存表,1,,N
TEMP_1782448,Magic 暫存表,8,,N
TEMP_1782884,Magic 暫存表,2,,N
TEMP_1787009,Magic 暫存表,3,,N
TEMP_1787376,Magic 暫存表,2,,N
TEMP_1788954,Magic 暫存表,5,,N
TEMP_1789172,Magic 暫存表,1,,N
TEMP_1793488,Magic 暫存表,1,,N
TEMP_1795500,Magic 暫存表,3,,N
TEMP_1796410,Magic 暫存表,2,,N
TEMP_1800886,Magic 暫存表,1,,N
TEMP_1804264,Magic 暫存表,10,,N
TEMP_1811053,Magic 暫存表,1,,N
TEMP_1812088,Magic 暫存表,1,,N
TEMP_1813875,Magic 暫存表,2,,N
TEMP_1814046,Magic 暫存表,0,,N
TEMP_1817846,Magic 暫存表,6,,N
TEMP_1819172,Magic 暫存表,3,,N
TEMP_1821948,Magic 暫存表,5,,N
TEMP_1824967,Magic 暫存表,2,,N
TEMP_1825234,Magic 暫存表,1,,N
TEMP_1828624,Magic 暫存表,11,,N
TEMP_1828678,Magic 暫存表,3,,N
TEMP_1829740,Magic 暫存表,2,,N
TEMP_1836862,Magic 暫存表,3,,N
TEMP_1837261,Magic 暫存表,3,,N
TEMP_1838381,Magic 暫存表,4,,N
TEMP_1838454,Magic 暫存表,6,,N
TEMP_1843936,Magic 暫存表,5,,N
TEMP_1844960,Magic 暫存表,9,,N
TEMP_1845418,Magic 暫存表,3,,N
TEMP_1848029,Magic 暫存表,4,,N
TEMP_1853100,Magic 暫存表,4,,N
TEMP_1855858,Magic 暫存表,5,,N
TEMP_1864666,Magic 暫存表,4,,N
TEMP_1870296,Magic 暫存表,2,,N
TEMP_1870472,Magic 暫存表,2,,N
TEMP_1885244,Magic 暫存表,4,,N
TEMP_1896577,Magic 暫存表,5,,N
TEMP_1902538,Magic 暫存表,4,,N
TEMP_1903329,Magic 暫存表,1,,N
TEMP_1909563,Magic 暫存表,4,,N
TEMP_1913144,Magic 暫存表,4,,N
TEMP_1914256,Magic 暫存表,2,,N
TEMP_1917406,Magic 暫存表,9,,N
TEMP_1923040,Magic 暫存表,4,,N
TEMP_1924010,Magic 暫存表,3,,N
TEMP_1926698,Magic 暫存表,4,,N
TEMP_1927856,Magic 暫存表,7,,N
TEMP_1931152,Magic 暫存表,2,,N
TEMP_1931928,Magic 暫存表,1,,N
TEMP_1936244,Magic 暫存表,5,,N
TEMP_1939762,Magic 暫存表,3,,N
TEMP_1943364,Magic 暫存表,4,,N
TEMP_1945976,Magic 暫存表,1,,N
TEMP_1946704,Magic 暫存表,2,,N
TEMP_1949344,Magic 暫存表,2,,N
TEMP_1954504,Magic 暫存表,2,,N
TEMP_1959092,Magic 暫存表,3,,N
TEMP_1962682,Magic 暫存表,3,,N
TEMP_1962756,Magic 暫存表,5,,N
TEMP_1967342,Magic 暫存表,7,,N
TEMP_1968369,Magic 暫存表,2,,N
TEMP_1968672,Magic 暫存表,2,,N
TEMP_1970380,Magic 暫存表,5,,N
TEMP_1974544,Magic 暫存表,3,,N
TEMP_1976451,Magic 暫存表,3,,N
TEMP_1977332,Magic 暫存表,2,,N
TEMP_1979760,Magic 暫存表,10,,N
TEMP_1983152,Magic 暫存表,0,,N
TEMP_1990358,Magic 暫存表,3,,N
TEMP_1993740,Magic 暫存表,3,,N
TEMP_1993849,Magic 暫存表,8,,N
TEMP_1995102,Magic 暫存表,2,,N
TEMP_2002287,Magic 暫存表,4,,N
TEMP_2006120,Magic 暫存表,2,,N
TEMP_2008896,Magic 暫存表,6,,N
TEMP_2010455,Magic 暫存表,4,,N
TEMP_2023560,Magic 暫存表,5,,N
TEMP_2025000,Magic 暫存表,1,,N
TEMP_2032409,Magic 暫存表,1,,N
TEMP_2035652,Magic 暫存表,2,,N
TEMP_2044919,Magic 暫存表,2,,N
TEMP_2045631,Magic 暫存表,1,,N
TEMP_2046484,Magic 暫存表,1,,N
TEMP_2048908,Magic 暫存表,3,,N
TEMP_2050954,Magic 暫存表,1,,N
TEMP_2055256,Magic 暫存表,3,,N
TEMP_2056781,Magic 暫存表,3,,N
TEMP_2063466,Magic 暫存表,1,,N
TEMP_2063516,Magic 暫存表,4,,N
TEMP_2064635,Magic 暫存表,1,,N
TEMP_2066022,Magic 暫存表,5,,N
TEMP_2067048,Magic 暫存表,2,,N
TEMP_2067894,Magic 暫存表,1,,N
TEMP_2080461,Magic 暫存表,10,,N
TEMP_2082670,Magic 暫存表,1,,N
TEMP_2083329,Magic 暫存表,6,,N
TEMP_2084302,Magic 暫存表,3,,N
TEMP_2086080,Magic 暫存表,1,,N
TEMP_2092776,Magic 暫存表,7,,N
TEMP_2093472,Magic 暫存表,2,,N
TEMP_2098560,Magic 暫存表,1,,N
TEMP_2101452,Magic 暫存表,1,,N
TEMP_2104960,Magic 暫存表,0,,N
TEMP_2105582,Magic 暫存表,2,,N
TEMP_2109290,Magic 暫存表,8,,N
TEMP_2111047,Magic 暫存表,2,,N
TEMP_2112144,Magic 暫存表,1,,N
TEMP_2113136,Magic 暫存表,4,,N
TEMP_2116208,Magic 暫存表,9,,N
TEMP_2116574,Magic 暫存表,2,,N
TEMP_2117084,Magic 暫存表,3,,N
TEMP_2117736,Magic 暫存表,2,,N
TEMP_2118242,Magic 暫存表,3,,N
TEMP_2119179,Magic 暫存表,1,,N
TEMP_2122722,Magic 暫存表,0,,N
TEMP_2124560,Magic 暫存表,6,,N
TEMP_2128485,Magic 暫存表,2,,N
TEMP_2131918,Magic 暫存表,1,,N
TEMP_2134408,Magic 暫存表,2,,N
TEMP_2136983,Magic 暫存表,12,,N
TEMP_2137544,Magic 暫存表,12,,N
TEMP_2138376,Magic 暫存表,1,,N
TEMP_2138849,Magic 暫存表,3,,N
TEMP_2143724,Magic 暫存表,11,,N
TEMP_2148355,Magic 暫存表,2,,N
TEMP_2152265,Magic 暫存表,1,,N
TEMP_2152640,Magic 暫存表,5,,N
TEMP_2155355,Magic 暫存表,5,,N
TEMP_2161265,Magic 暫存表,3,,N
TEMP_2165866,Magic 暫存表,1,,N
TEMP_2170204,Magic 暫存表,2,,N
TEMP_2171392,Magic 暫存表,9,,N
TEMP_2176404,Magic 暫存表,1,,N
TEMP_2180000,Magic 暫存表,2,,N
TEMP_2181566,Magic 暫存表,6,,N
TEMP_2184994,Magic 暫存表,2,,N
TEMP_2187712,Magic 暫存表,6,,N
TEMP_2191878,Magic 暫存表,1,,N
TEMP_2192492,Magic 暫存表,5,,N
TEMP_2193410,Magic 暫存表,1,,N
TEMP_2196770,Magic 暫存表,2,,N
TEMP_2196829,Magic 暫存表,0,,N
TEMP_2202476,Magic 暫存表,2,,N
TEMP_2203041,Magic 暫存表,3,,N
TEMP_2203484,Magic 暫存表,2,,N
TEMP_2205928,Magic 暫存表,2,,N
TEMP_2206233,Magic 暫存表,13,,N
TEMP_2206295,Magic 暫存表,2,,N
TEMP_2209154,Magic 暫存表,3,,N
TEMP_2209864,Magic 暫存表,6,,N
TEMP_2211668,Magic 暫存表,5,,N
TEMP_2214000,Magic 暫存表,7,,N
TEMP_2214706,Magic 暫存表,1,,N
TEMP_2214866,Magic 暫存表,8,,N
TEMP_2216840,Magic 暫存表,5,,N
TEMP_2217016,Magic 暫存表,3,,N
TEMP_2219824,Magic 暫存表,3,,N
TEMP_2221868,Magic 暫存表,0,,N
TEMP_2226832,Magic 暫存表,2,,N
TEMP_2227443,Magic 暫存表,8,,N
TEMP_2234592,Magic 暫存表,1,,N
TEMP_2236945,Magic 暫存表,4,,N
TEMP_2239036,Magic 暫存表,6,,N
TEMP_2245839,Magic 暫存表,6,,N
TEMP_2245868,Magic 暫存表,1,,N
TEMP_2249796,Magic 暫存表,0,,N
TEMP_2250044,Magic 暫存表,4,,N
TEMP_2250282,Magic 暫存表,5,,N
TEMP_2252131,Magic 暫存表,4,,N
TEMP_2253168,Magic 暫存表,2,,N
TEMP_2253256,Magic 暫存表,0,,N
TEMP_2254000,Magic 暫存表,1,,N
TEMP_2254302,Magic 暫存表,1,,N
TEMP_2256750,Magic 暫存表,9,,N
TEMP_2257376,Magic 暫存表,0,,N
TEMP_2260921,Magic 暫存表,11,,N
TEMP_2262088,Magic 暫存表,1,,N
TEMP_2274853,Magic 暫存表,3,,N
TEMP_2275860,Magic 暫存表,7,,N
TEMP_2276665,Magic 暫存表,5,,N
TEMP_2279547,Magic 暫存表,2,,N
TEMP_2282774,Magic 暫存表,7,,N
TEMP_2286536,Magic 暫存表,8,,N
TEMP_2286567,Magic 暫存表,3,,N
TEMP_2290318,Magic 暫存表,6,,N
TEMP_2292680,Magic 暫存表,2,,N
TEMP_2295058,Magic 暫存表,2,,N
TEMP_2296480,Magic 暫存表,1,,N
TEMP_2298848,Magic 暫存表,4,,N
TEMP_2302454,Magic 暫存表,3,,N
TEMP_2303562,Magic 暫存表,6,,N
TEMP_2304731,Magic 暫存表,3,,N
TEMP_2307486,Magic 暫存表,4,,N
TEMP_2307969,Magic 暫存表,4,,N
TEMP_2308236,Magic 暫存表,2,,N
TEMP_2319765,Magic 暫存表,2,,N
TEMP_2321734,Magic 暫存表,3,,N
TEMP_2321824,Magic 暫存表,3,,N
TEMP_2322074,Magic 暫存表,1,,N
TEMP_2323280,Magic 暫存表,0,,N
TEMP_2324972,Magic 暫存表,0,,N
TEMP_2325376,Magic 暫存表,8,,N
TEMP_2326204,Magic 暫存表,3,,N
TEMP_2327280,Magic 暫存表,4,,N
TEMP_2328100,Magic 暫存表,4,,N
TEMP_2335169,Magic 暫存表,6,,N
TEMP_2338048,Magic 暫存表,4,,N
TEMP_2343848,Magic 暫存表,3,,N
TEMP_2345472,Magic 暫存表,1,,N
TEMP_2348330,Magic 暫存表,2,,N
TEMP_2350171,Magic 暫存表,7,,N
TEMP_2352812,Magic 暫存表,3,,N
TEMP_2355223,Magic 暫存表,6,,N
TEMP_2356784,Magic 暫存表,4,,N
TEMP_2360922,Magic 暫存表,7,,N
TEMP_2366409,Magic 暫存表,7,,N
TEMP_2368592,Magic 暫存表,4,,N
TEMP_2368700,Magic 暫存表,3,,N
TEMP_2369040,Magic 暫存表,5,,N
TEMP_2380332,Magic 暫存表,1,,N
TEMP_2380959,Magic 暫存表,1,,N
TEMP_2386334,Magic 暫存表,3,,N
TEMP_2386790,Magic 暫存表,1,,N
TEMP_2389333,Magic 暫存表,2,,N
TEMP_2390030,Magic 暫存表,1,,N
TEMP_2395224,Magic 暫存表,1,,N
TEMP_2396380,Magic 暫存表,3,,N
TEMP_2398086,Magic 暫存表,2,,N
TEMP_2398400,Magic 暫存表,4,,N
TEMP_2402296,Magic 暫存表,2,,N
TEMP_2403919,Magic 暫存表,1,,N
TEMP_2405074,Magic 暫存表,4,,N
TEMP_2405376,Magic 暫存表,7,,N
TEMP_2406546,Magic 暫存表,7,,N
TEMP_2412974,Magic 暫存表,2,,N
TEMP_2415408,Magic 暫存表,2,,N
TEMP_2418297,Magic 暫存表,4,,N
TEMP_2419753,Magic 暫存表,4,,N
TEMP_2419887,Magic 暫存表,0,,N
TEMP_2420232,Magic 暫存表,3,,N
TEMP_2422574,Magic 暫存表,8,,N
TEMP_2425778,Magic 暫存表,3,,N
TEMP_2428784,Magic 暫存表,2,,N
TEMP_2429421,Magic 暫存表,1,,N
TEMP_2432862,Magic 暫存表,1,,N
TEMP_2438329,Magic 暫存表,2,,N
TEMP_2441295,Magic 暫存表,3,,N
TEMP_2445383,Magic 暫存表,1,,N
TEMP_2446034,Magic 暫存表,4,,N
TEMP_2449472,Magic 暫存表,18,,N
TEMP_2450048,Magic 暫存表,5,,N
TEMP_2453264,Magic 暫存表,3,,N
TEMP_2454211,Magic 暫存表,1,,N
TEMP_2455716,Magic 暫存表,2,,N
TEMP_2456750,Magic 暫存表,0,,N
TEMP_2459515,Magic 暫存表,3,,N
TEMP_2460900,Magic 暫存表,3,,N
TEMP_2460908,Magic 暫存表,6,,N
TEMP_2460974,Magic 暫存表,2,,N
TEMP_2463608,Magic 暫存表,4,,N
TEMP_2471800,Magic 暫存表,3,,N
TEMP_2472942,Magic 暫存表,7,,N
TEMP_2489788,Magic 暫存表,2,,N
TEMP_2491480,Magic 暫存表,2,,N
TEMP_2493271,Magic 暫存表,9,,N
TEMP_2494591,Magic 暫存表,2,,N
TEMP_2495639,Magic 暫存表,8,,N
TEMP_2496257,Magic 暫存表,2,,N
TEMP_2503112,Magic 暫存表,9,,N
TEMP_2507590,Magic 暫存表,1,,N
TEMP_2508630,Magic 暫存表,5,,N
TEMP_2510908,Magic 暫存表,6,,N
TEMP_2512002,Magic 暫存表,8,,N
TEMP_2512350,Magic 暫存表,1,,N
TEMP_2519030,Magic 暫存表,6,,N
TEMP_2521190,Magic 暫存表,2,,N
TEMP_2525756,Magic 暫存表,4,,N
TEMP_2525936,Magic 暫存表,3,,N
TEMP_2526677,Magic 暫存表,1,,N
TEMP_2527282,Magic 暫存表,7,,N
TEMP_2533943,Magic 暫存表,6,,N
TEMP_2538422,Magic 暫存表,2,,N
TEMP_2541456,Magic 暫存表,4,,N
TEMP_2544344,Magic 暫存表,1,,N
TEMP_2546842,Magic 暫存表,5,,N
TEMP_2547419,Magic 暫存表,2,,N
TEMP_2548070,Magic 暫存表,3,,N
TEMP_2548512,Magic 暫存表,7,,N
TEMP_2553376,Magic 暫存表,3,,N
TEMP_2555261,Magic 暫存表,0,,N
TEMP_2557294,Magic 暫存表,3,,N
TEMP_2557704,Magic 暫存表,0,,N
TEMP_2565610,Magic 暫存表,3,,N
TEMP_2567100,Magic 暫存表,4,,N
TEMP_2567565,Magic 暫存表,1,,N
TEMP_2567936,Magic 暫存表,1,,N
TEMP_2569152,Magic 暫存表,2,,N
TEMP_2572171,Magic 暫存表,4,,N
TEMP_2572890,Magic 暫存表,2,,N
TEMP_2573204,Magic 暫存表,5,,N
TEMP_2575000,Magic 暫存表,2,,N
TEMP_2583554,Magic 暫存表,3,,N
TEMP_2587704,Magic 暫存表,7,,N
TEMP_2592454,Magic 暫存表,2,,N
TEMP_2594296,Magic 暫存表,9,,N
TEMP_2595916,Magic 暫存表,2,,N
TEMP_2597464,Magic 暫存表,2,,N
TEMP_2598296,Magic 暫存表,4,,N
TEMP_2598592,Magic 暫存表,3,,N
TEMP_2601192,Magic 暫存表,4,,N
TEMP_2601395,Magic 暫存表,3,,N
TEMP_2604310,Magic 暫存表,3,,N
TEMP_2604454,Magic 暫存表,2,,N
TEMP_2606474,Magic 暫存表,2,,N
TEMP_2607704,Magic 暫存表,1,,N
TEMP_2608921,Magic 暫存表,7,,N
TEMP_2610931,Magic 暫存表,2,,N
TEMP_2611744,Magic 暫存表,1,,N
TEMP_2612091,Magic 暫存表,4,,N
TEMP_2613258,Magic 暫存表,3,,N
TEMP_2614314,Magic 暫存表,3,,N
TEMP_2617410,Magic 暫存表,1,,N
TEMP_2618336,Magic 暫存表,10,,N
TEMP_2621259,Magic 暫存表,4,,N
TEMP_2624362,Magic 暫存表,5,,N
TEMP_2625314,Magic 暫存表,15,,N
TEMP_2626015,Magic 暫存表,4,,N
TEMP_2626136,Magic 暫存表,1,,N
TEMP_2626157,Magic 暫存表,9,,N
TEMP_2627954,Magic 暫存表,1,,N
TEMP_2636080,Magic 暫存表,2,,N
TEMP_2637500,Magic 暫存表,2,,N
TEMP_2645022,Magic 暫存表,2,,N
TEMP_2647133,Magic 暫存表,7,,N
TEMP_2659204,Magic 暫存表,1,,N
TEMP_2663772,Magic 暫存表,1,,N
TEMP_2665408,Magic 暫存表,2,,N
TEMP_2667412,Magic 暫存表,5,,N
TEMP_2672144,Magic 暫存表,1,,N
TEMP_2674171,Magic 暫存表,3,,N
TEMP_2674244,Magic 暫存表,1,,N
TEMP_2678672,Magic 暫存表,3,,N
TEMP_2686910,Magic 暫存表,0,,N
TEMP_2687696,Magic 暫存表,2,,N
TEMP_2689762,Magic 暫存表,8,,N
TEMP_2691824,Magic 暫存表,2,,N
TEMP_2692032,Magic 暫存表,2,,N
TEMP_2692678,Magic 暫存表,9,,N
TEMP_2692736,Magic 暫存表,4,,N
TEMP_2697366,Magic 暫存表,3,,N
TEMP_2697370,Magic 暫存表,2,,N
TEMP_2709768,Magic 暫存表,4,,N
TEMP_2712190,Magic 暫存表,2,,N
TEMP_2714503,Magic 暫存表,3,,N
TEMP_2715500,Magic 暫存表,6,,N
TEMP_2718048,Magic 暫存表,7,,N
TEMP_2719842,Magic 暫存表,3,,N
TEMP_2722630,Magic 暫存表,4,,N
TEMP_2723194,Magic 暫存表,5,,N
TEMP_2729044,Magic 暫存表,3,,N
TEMP_2731132,Magic 暫存表,9,,N
TEMP_2736597,Magic 暫存表,0,,N
TEMP_2743676,Magic 暫存表,8,,N
TEMP_2744156,Magic 暫存表,7,,N
TEMP_2752474,Magic 暫存表,4,,N
TEMP_2758880,Magic 暫存表,4,,N
TEMP_2762662,Magic 暫存表,2,,N
TEMP_2762896,Magic 暫存表,2,,N
TEMP_2767920,Magic 暫存表,5,,N
TEMP_2768204,Magic 暫存表,1,,N
TEMP_2774750,Magic 暫存表,0,,N
TEMP_2775842,Magic 暫存表,3,,N
TEMP_2776804,Magic 暫存表,9,,N
TEMP_2776835,Magic 暫存表,3,,N
TEMP_2781256,Magic 暫存表,2,,N
TEMP_2781358,Magic 暫存表,4,,N
TEMP_2782602,Magic 暫存表,0,,N
TEMP_2783085,Magic 暫存表,2,,N
TEMP_2783270,Magic 暫存表,3,,N
TEMP_2783835,Magic 暫存表,2,,N
TEMP_2785835,Magic 暫存表,1,,N
TEMP_2788713,Magic 暫存表,2,,N
TEMP_2789548,Magic 暫存表,2,,N
TEMP_2793591,Magic 暫存表,0,,N
TEMP_2795826,Magic 暫存表,3,,N
TEMP_2798208,Magic 暫存表,2,,N
TEMP_2798262,Magic 暫存表,5,,N
TEMP_2803614,Magic 暫存表,9,,N
TEMP_2808408,Magic 暫存表,2,,N
TEMP_2808910,Magic 暫存表,2,,N
TEMP_2809956,Magic 暫存表,7,,N
TEMP_2810322,Magic 暫存表,1,,N
TEMP_2810428,Magic 暫存表,6,,N
TEMP_2826575,Magic 暫存表,9,,N
TEMP_2827192,Magic 暫存表,1,,N
TEMP_2832579,Magic 暫存表,3,,N
TEMP_2832625,Magic 暫存表,6,,N
TEMP_2833045,Magic 暫存表,7,,N
TEMP_2835128,Magic 暫存表,8,,N
TEMP_2839829,Magic 暫存表,0,,N
TEMP_2840062,Magic 暫存表,2,,N
TEMP_2842112,Magic 暫存表,7,,N
TEMP_2846092,Magic 暫存表,8,,N
TEMP_2846494,Magic 暫存表,2,,N
TEMP_2846744,Magic 暫存表,2,,N
TEMP_2847908,Magic 暫存表,2,,N
TEMP_2848597,Magic 暫存表,1,,N
TEMP_2852112,Magic 暫存表,1,,N
TEMP_2852942,Magic 暫存表,6,,N
TEMP_2854354,Magic 暫存表,2,,N
TEMP_2856217,Magic 暫存表,8,,N
TEMP_2858828,Magic 暫存表,1,,N
TEMP_2859332,Magic 暫存表,2,,N
TEMP_2860900,Magic 暫存表,0,,N
TEMP_2861706,Magic 暫存表,1,,N
TEMP_2871341,Magic 暫存表,3,,N
TEMP_2871888,Magic 暫存表,1,,N
TEMP_2874386,Magic 暫存表,2,,N
TEMP_2877454,Magic 暫存表,1,,N
TEMP_2879334,Magic 暫存表,3,,N
TEMP_2880375,Magic 暫存表,5,,N
TEMP_2880968,Magic 暫存表,7,,N
TEMP_2883458,Magic 暫存表,2,,N
TEMP_2886060,Magic 暫存表,6,,N
TEMP_2889594,Magic 暫存表,3,,N
TEMP_2892912,Magic 暫存表,4,,N
TEMP_2894134,Magic 暫存表,5,,N
TEMP_2898400,Magic 暫存表,5,,N
TEMP_2901500,Magic 暫存表,4,,N
TEMP_2902656,Magic 暫存表,4,,N
TEMP_2902772,Magic 暫存表,6,,N
TEMP_2905765,Magic 暫存表,2,,N
TEMP_2906520,Magic 暫存表,2,,N
TEMP_2909093,Magic 暫存表,1,,N
TEMP_2910390,Magic 暫存表,8,,N
TEMP_2911480,Magic 暫存表,3,,N
TEMP_2912592,Magic 暫存表,4,,N
TEMP_2912964,Magic 暫存表,2,,N
TEMP_2914883,Magic 暫存表,3,,N
TEMP_2915690,Magic 暫存表,1,,N
TEMP_2919288,Magic 暫存表,3,,N
TEMP_2921450,Magic 暫存表,7,,N
TEMP_2923784,Magic 暫存表,6,,N
TEMP_2932167,Magic 暫存表,1,,N
TEMP_2932259,Magic 暫存表,5,,N
TEMP_2932440,Magic 暫存表,6,,N
TEMP_2935597,Magic 暫存表,1,,N
TEMP_2937421,Magic 暫存表,0,,N
TEMP_2937875,Magic 暫存表,5,,N
TEMP_2944202,Magic 暫存表,1,,N
TEMP_2947291,Magic 暫存表,2,,N
TEMP_2948406,Magic 暫存表,9,,N
TEMP_2949091,Magic 暫存表,2,,N
TEMP_2949804,Magic 暫存表,3,,N
TEMP_2952730,Magic 暫存表,0,,N
TEMP_2957250,Magic 暫存表,4,,N
TEMP_2964864,Magic 暫存表,6,,N
TEMP_2975668,Magic 暫存表,5,,N
TEMP_2977490,Magic 暫存表,3,,N
TEMP_2981838,Magic 暫存表,3,,N
TEMP_2982040,Magic 暫存表,1,,N
TEMP_2988896,Magic 暫存表,2,,N
TEMP_2989344,Magic 暫存表,4,,N
TEMP_2997796,Magic 暫存表,5,,N
TEMP_2998262,Magic 暫存表,5,,N
TEMP_2998736,Magic 暫存表,4,,N
TEMP_2998789,Magic 暫存表,7,,N
TEMP_3001126,Magic 暫存表,5,,N
TEMP_3002207,Magic 暫存表,1,,N
TEMP_3005222,Magic 暫存表,2,,N
TEMP_3009300,Magic 暫存表,6,,N
TEMP_3009322,Magic 暫存表,2,,N
TEMP_3009704,Magic 暫存表,1,,N
TEMP_3010160,Magic 暫存表,3,,N
TEMP_3011568,Magic 暫存表,2,,N
TEMP_3021079,Magic 暫存表,0,,N
TEMP_3024848,Magic 暫存表,3,,N
TEMP_3025464,Magic 暫存表,2,,N
TEMP_3033355,Magic 暫存表,4,,N
TEMP_3038420,Magic 暫存表,17,,N
TEMP_3043500,Magic 暫存表,3,,N
TEMP_3045889,Magic 暫存表,5,,N
TEMP_3046342,Magic 暫存表,4,,N
TEMP_3048304,Magic 暫存表,1,,N
TEMP_3049108,Magic 暫存表,3,,N
TEMP_3053758,Magic 暫存表,5,,N
TEMP_3058694,Magic 暫存表,4,,N
TEMP_3064646,Magic 暫存表,2,,N
TEMP_3065297,Magic 暫存表,2,,N
TEMP_3065344,Magic 暫存表,6,,N
TEMP_3075421,Magic 暫存表,3,,N
TEMP_3079206,Magic 暫存表,2,,N
TEMP_3079509,Magic 暫存表,2,,N
TEMP_3080800,Magic 暫存表,4,,N
TEMP_3085151,Magic 暫存表,3,,N
TEMP_3089128,Magic 暫存表,1,,N
TEMP_3089194,Magic 暫存表,1,,N
TEMP_3091778,Magic 暫存表,3,,N
TEMP_3092204,Magic 暫存表,6,,N
TEMP_3094567,Magic 暫存表,1,,N
TEMP_3099903,Magic 暫存表,0,,N
TEMP_3101688,Magic 暫存表,4,,N
TEMP_3104219,Magic 暫存表,6,,N
TEMP_3105522,Magic 暫存表,2,,N
TEMP_3110424,Magic 暫存表,11,,N
TEMP_3113668,Magic 暫存表,4,,N
TEMP_3116103,Magic 暫存表,1,,N
TEMP_3118196,Magic 暫存表,5,,N
TEMP_3120942,Magic 暫存表,8,,N
TEMP_3126937,Magic 暫存表,9,,N
TEMP_3130671,Magic 暫存表,5,,N
TEMP_3131097,Magic 暫存表,2,,N
TEMP_3132750,Magic 暫存表,11,,N
TEMP_3135072,Magic 暫存表,1,,N
TEMP_3137131,Magic 暫存表,7,,N
TEMP_3137984,Magic 暫存表,4,,N
TEMP_3141034,Magic 暫存表,2,,N
TEMP_3141204,Magic 暫存表,6,,N
TEMP_3143168,Magic 暫存表,7,,N
TEMP_3143296,Magic 暫存表,7,,N
TEMP_3144625,Magic 暫存表,4,,N
TEMP_3146077,Magic 暫存表,8,,N
TEMP_3148240,Magic 暫存表,0,,N
TEMP_3150691,Magic 暫存表,1,,N
TEMP_3152704,Magic 暫存表,4,,N
TEMP_3156271,Magic 暫存表,4,,N
TEMP_3159875,Magic 暫存表,2,,N
TEMP_3170755,Magic 暫存表,4,,N
TEMP_3172500,Magic 暫存表,3,,N
TEMP_3175520,Magic 暫存表,3,,N
TEMP_3179000,Magic 暫存表,10,,N
TEMP_3179992,Magic 暫存表,1,,N
TEMP_3184954,Magic 暫存表,3,,N
TEMP_3185408,Magic 暫存表,1,,N
TEMP_3187678,Magic 暫存表,6,,N
TEMP_3196842,Magic 暫存表,1,,N
TEMP_3197262,Magic 暫存表,2,,N
TEMP_3198992,Magic 暫存表,2,,N
TEMP_3200520,Magic 暫存表,2,,N
TEMP_3200568,Magic 暫存表,7,,N
TEMP_3200672,Magic 暫存表,5,,N
TEMP_3202588,Magic 暫存表,3,,N
TEMP_3203842,Magic 暫存表,2,,N
TEMP_3205500,Magic 暫存表,1,,N
TEMP_3205608,Magic 暫存表,3,,N
TEMP_3205646,Magic 暫存表,2,,N
TEMP_3208912,Magic 暫存表,2,,N
TEMP_3209094,Magic 暫存表,5,,N
TEMP_3213216,Magic 暫存表,1,,N
TEMP_3214110,Magic 暫存表,4,,N
TEMP_3218161,Magic 暫存表,1,,N
TEMP_3218355,Magic 暫存表,11,,N
TEMP_3220022,Magic 暫存表,1,,N
TEMP_3220500,Magic 暫存表,3,,N
TEMP_3223899,Magic 暫存表,1,,N
TEMP_3226862,Magic 暫存表,1,,N
TEMP_3227066,Magic 暫存表,2,,N
TEMP_3227749,Magic 暫存表,5,,N
TEMP_3230849,Magic 暫存表,5,,N
TEMP_3231684,Magic 暫存表,6,,N
TEMP_3234336,Magic 暫存表,9,,N
TEMP_3234498,Magic 暫存表,8,,N
TEMP_3239548,Magic 暫存表,2,,N
TEMP_3240796,Magic 暫存表,3,,N
TEMP_3245046,Magic 暫存表,4,,N
TEMP_3248419,Magic 暫存表,7,,N
TEMP_3250973,Magic 暫存表,6,,N
TEMP_3251338,Magic 暫存表,15,,N
TEMP_3251824,Magic 暫存表,3,,N
TEMP_3256671,Magic 暫存表,5,,N
TEMP_3259152,Magic 暫存表,3,,N
TEMP_3260646,Magic 暫存表,0,,N
TEMP_3260704,Magic 暫存表,3,,N
TEMP_3261160,Magic 暫存表,1,,N
TEMP_3262231,Magic 暫存表,4,,N
TEMP_3265701,Magic 暫存表,4,,N
TEMP_3268583,Magic 暫存表,2,,N
TEMP_3268604,Magic 暫存表,2,,N
TEMP_3270312,Magic 暫存表,9,,N
TEMP_3272250,Magic 暫存表,6,,N
TEMP_3272839,Magic 暫存表,1,,N
TEMP_3274442,Magic 暫存表,8,,N
TEMP_3275043,Magic 暫存表,2,,N
TEMP_3276065,Magic 暫存表,4,,N
TEMP_3276983,Magic 暫存表,1,,N
TEMP_3279408,Magic 暫存表,1,,N
TEMP_3282002,Magic 暫存表,2,,N
TEMP_3287600,Magic 暫存表,2,,N
TEMP_3292780,Magic 暫存表,4,,N
TEMP_3293822,Magic 暫存表,1,,N
TEMP_3294448,Magic 暫存表,5,,N
TEMP_3296868,Magic 暫存表,2,,N
TEMP_3302592,Magic 暫存表,2,,N
TEMP_3303274,Magic 暫存表,8,,N
TEMP_3305105,Magic 暫存表,9,,N
TEMP_3308600,Magic 暫存表,0,,N
TEMP_3313890,Magic 暫存表,5,,N
TEMP_3314909,Magic 暫存表,3,,N
TEMP_3316080,Magic 暫存表,4,,N
TEMP_3317322,Magic 暫存表,8,,N
TEMP_3319267,Magic 暫存表,2,,N
TEMP_3320478,Magic 暫存表,5,,N
TEMP_3333706,Magic 暫存表,0,,N
TEMP_3334660,Magic 暫存表,7,,N
TEMP_3335204,Magic 暫存表,3,,N
TEMP_3337304,Magic 暫存表,0,,N
TEMP_3338683,Magic 暫存表,3,,N
TEMP_3340014,Magic 暫存表,6,,N
TEMP_3340038,Magic 暫存表,2,,N
TEMP_3341124,Magic 暫存表,5,,N
TEMP_3344618,Magic 暫存表,7,,N
TEMP_3344848,Magic 暫存表,10,,N
TEMP_3345594,Magic 暫存表,2,,N
TEMP_3350293,Magic 暫存表,3,,N
TEMP_3350952,Magic 暫存表,2,,N
TEMP_3356475,Magic 暫存表,2,,N
TEMP_3357079,Magic 暫存表,5,,N
TEMP_3357996,Magic 暫存表,1,,N
TEMP_3361760,Magic 暫存表,5,,N
TEMP_3363022,Magic 暫存表,1,,N
TEMP_3367964,Magic 暫存表,3,,N
TEMP_3368610,Magic 暫存表,1,,N
TEMP_3374704,Magic 暫存表,1,,N
TEMP_3375196,Magic 暫存表,1,,N
TEMP_3377474,Magic 暫存表,4,,N
TEMP_3377796,Magic 暫存表,0,,N
TEMP_3379600,Magic 暫存表,1,,N
TEMP_3380442,Magic 暫存表,1,,N
TEMP_3387717,Magic 暫存表,2,,N
TEMP_3390000,Magic 暫存表,3,,N
TEMP_3392714,Magic 暫存表,3,,N
TEMP_3397448,Magic 暫存表,0,,N
TEMP_3398570,Magic 暫存表,0,,N
TEMP_3401280,Magic 暫存表,2,,N
TEMP_3402428,Magic 暫存表,1,,N
TEMP_3402590,Magic 暫存表,1,,N
TEMP_3403796,Magic 暫存表,2,,N
TEMP_3404442,Magic 暫存表,5,,N
TEMP_3404664,Magic 暫存表,3,,N
TEMP_3407800,Magic 暫存表,7,,N
TEMP_3408756,Magic 暫存表,0,,N
TEMP_3409378,Magic 暫存表,2,,N
TEMP_3415704,Magic 暫存表,5,,N
TEMP_3419996,Magic 暫存表,4,,N
TEMP_3424858,Magic 暫存表,5,,N
TEMP_3427565,Magic 暫存表,3,,N
TEMP_3427736,Magic 暫存表,0,,N
TEMP_3428466,Magic 暫存表,0,,N
TEMP_3429217,Magic 暫存表,1,,N
TEMP_3429381,Magic 暫存表,3,,N
TEMP_3432171,Magic 暫存表,2,,N
TEMP_3432280,Magic 暫存表,2,,N
TEMP_3434251,Magic 暫存表,3,,N
TEMP_3436096,Magic 暫存表,1,,N
TEMP_3436275,Magic 暫存表,2,,N
TEMP_3439896,Magic 暫存表,1,,N
TEMP_3442268,Magic 暫存表,12,,N
TEMP_3442822,Magic 暫存表,14,,N
TEMP_3448829,Magic 暫存表,2,,N
TEMP_3450268,Magic 暫存表,1,,N
TEMP_3452672,Magic 暫存表,3,,N
TEMP_3452857,Magic 暫存表,6,,N
TEMP_3453480,Magic 暫存表,2,,N
TEMP_3454796,Magic 暫存表,4,,N
TEMP_3455275,Magic 暫存表,1,,N
TEMP_3458030,Magic 暫存表,6,,N
TEMP_3461012,Magic 暫存表,3,,N
TEMP_3465624,Magic 暫存表,4,,N
TEMP_3468255,Magic 暫存表,2,,N
TEMP_3469768,Magic 暫存表,2,,N
TEMP_3470204,Magic 暫存表,2,,N
TEMP_3475664,Magic 暫存表,3,,N
TEMP_3476286,Magic 暫存表,2,,N
TEMP_3477152,Magic 暫存表,9,,N
TEMP_3477992,Magic 暫存表,4,,N
TEMP_3480293,Magic 暫存表,0,,N
TEMP_3480304,Magic 暫存表,8,,N
TEMP_3483512,Magic 暫存表,0,,N
TEMP_3485366,Magic 暫存表,2,,N
TEMP_3490966,Magic 暫存表,2,,N
TEMP_3493366,Magic 暫存表,0,,N
TEMP_3496705,Magic 暫存表,1,,N
TEMP_3498562,Magic 暫存表,2,,N
TEMP_3499320,Magic 暫存表,1,,N
TEMP_3500327,Magic 暫存表,7,,N
TEMP_3504692,Magic 暫存表,7,,N
TEMP_3510234,Magic 暫存表,0,,N
TEMP_3512500,Magic 暫存表,3,,N
TEMP_3513290,Magic 暫存表,2,,N
TEMP_3513923,Magic 暫存表,1,,N
TEMP_3514073,Magic 暫存表,4,,N
TEMP_3524096,Magic 暫存表,3,,N
TEMP_3524490,Magic 暫存表,4,,N
TEMP_3528068,Magic 暫存表,2,,N
TEMP_3529296,Magic 暫存表,1,,N
TEMP_3531616,Magic 暫存表,1,,N
TEMP_3532793,Magic 暫存表,4,,N
TEMP_3533744,Magic 暫存表,4,,N
TEMP_3535804,Magic 暫存表,1,,N
TEMP_3543176,Magic 暫存表,10,,N
TEMP_3546004,Magic 暫存表,3,,N
TEMP_3548020,Magic 暫存表,4,,N
TEMP_3552410,Magic 暫存表,2,,N
TEMP_3554504,Magic 暫存表,1,,N
TEMP_3556530,Magic 暫存表,2,,N
TEMP_3556783,Magic 暫存表,2,,N
TEMP_3557723,Magic 暫存表,2,,N
TEMP_3557815,Magic 暫存表,3,,N
TEMP_3563292,Magic 暫存表,3,,N
TEMP_3568783,Magic 暫存表,1,,N
TEMP_3571768,Magic 暫存表,5,,N
TEMP_3571968,Magic 暫存表,1,,N
TEMP_3572847,Magic 暫存表,1,,N
TEMP_3574192,Magic 暫存表,4,,N
TEMP_3577624,Magic 暫存表,4,,N
TEMP_3580408,Magic 暫存表,6,,N
TEMP_3584300,Magic 暫存表,3,,N
TEMP_3584394,Magic 暫存表,2,,N
TEMP_3585406,Magic 暫存表,2,,N
TEMP_3587124,Magic 暫存表,4,,N
TEMP_3587388,Magic 暫存表,3,,N
TEMP_3588944,Magic 暫存表,5,,N
TEMP_3596296,Magic 暫存表,4,,N
TEMP_3596760,Magic 暫存表,4,,N
TEMP_3600312,Magic 暫存表,4,,N
TEMP_3603764,Magic 暫存表,4,,N
TEMP_3604566,Magic 暫存表,10,,N
TEMP_3605408,Magic 暫存表,2,,N
TEMP_3607840,Magic 暫存表,0,,N
TEMP_3610643,Magic 暫存表,0,,N
TEMP_3610748,Magic 暫存表,7,,N
TEMP_3613280,Magic 暫存表,7,,N
TEMP_3617454,Magic 暫存表,2,,N
TEMP_3618070,Magic 暫存表,9,,N
TEMP_3618342,Magic 暫存表,1,,N
TEMP_3620759,Magic 暫存表,1,,N
TEMP_3620940,Magic 暫存表,5,,N
TEMP_3622424,Magic 暫存表,7,,N
TEMP_3622765,Magic 暫存表,5,,N
TEMP_3624281,Magic 暫存表,0,,N
TEMP_3626676,Magic 暫存表,4,,N
TEMP_3629860,Magic 暫存表,2,,N
TEMP_3636176,Magic 暫存表,1,,N
TEMP_3636263,Magic 暫存表,7,,N
TEMP_3639982,Magic 暫存表,2,,N
TEMP_3641442,Magic 暫存表,4,,N
TEMP_3641817,Magic 暫存表,4,,N
TEMP_3646046,Magic 暫存表,0,,N
TEMP_3646072,Magic 暫存表,5,,N
TEMP_3647208,Magic 暫存表,4,,N
TEMP_3648927,Magic 暫存表,6,,N
TEMP_3651597,Magic 暫存表,3,,N
TEMP_3653100,Magic 暫存表,1,,N
TEMP_3657558,Magic 暫存表,2,,N
TEMP_3661012,Magic 暫存表,3,,N
TEMP_3661250,Magic 暫存表,8,,N
TEMP_3661624,Magic 暫存表,0,,N
TEMP_3662156,Magic 暫存表,5,,N
TEMP_3667775,Magic 暫存表,1,,N
TEMP_3668080,Magic 暫存表,1,,N
TEMP_3670472,Magic 暫存表,3,,N
TEMP_3671794,Magic 暫存表,6,,N
TEMP_3675163,Magic 暫存表,3,,N
TEMP_3679288,Magic 暫存表,4,,N
TEMP_3679714,Magic 暫存表,1,,N
TEMP_3680032,Magic 暫存表,3,,N
TEMP_3680594,Magic 暫存表,2,,N
TEMP_3692100,Magic 暫存表,4,,N
TEMP_3695250,Magic 暫存表,7,,N
TEMP_3695796,Magic 暫存表,6,,N
TEMP_3696509,Magic 暫存表,6,,N
TEMP_3698297,Magic 暫存表,3,,N
TEMP_3701004,Magic 暫存表,4,,N
TEMP_3702306,Magic 暫存表,1,,N
TEMP_3705896,Magic 暫存表,2,,N
TEMP_3706962,Magic 暫存表,3,,N
TEMP_3711136,Magic 暫存表,4,,N
TEMP_3711690,Magic 暫存表,1,,N
TEMP_3711776,Magic 暫存表,5,,N
TEMP_3716293,Magic 暫存表,3,,N
TEMP_3716882,Magic 暫存表,2,,N
TEMP_3718700,Magic 暫存表,2,,N
TEMP_3726838,Magic 暫存表,3,,N
TEMP_3727158,Magic 暫存表,2,,N
TEMP_3727500,Magic 暫存表,2,,N
TEMP_3728026,Magic 暫存表,10,,N
TEMP_3734320,Magic 暫存表,5,,N
TEMP_3742296,Magic 暫存表,1,,N
TEMP_3745854,Magic 暫存表,5,,N
TEMP_3750296,Magic 暫存表,10,,N
TEMP_3753004,Magic 暫存表,2,,N
TEMP_3753722,Magic 暫存表,2,,N
TEMP_3754600,Magic 暫存表,5,,N
TEMP_3754816,Magic 暫存表,2,,N
TEMP_3756200,Magic 暫存表,2,,N
TEMP_3757854,Magic 暫存表,6,,N
TEMP_3757892,Magic 暫存表,2,,N
TEMP_3763904,Magic 暫存表,0,,N
TEMP_3772324,Magic 暫存表,2,,N
TEMP_3772829,Magic 暫存表,4,,N
TEMP_3774804,Magic 暫存表,1,,N
TEMP_3775047,Magic 暫存表,3,,N
TEMP_3783548,Magic 暫存表,7,,N
TEMP_3785204,Magic 暫存表,2,,N
TEMP_3789196,Magic 暫存表,1,,N
TEMP_3792476,Magic 暫存表,1,,N
TEMP_3794688,Magic 暫存表,8,,N
TEMP_3798400,Magic 暫存表,4,,N
TEMP_3799658,Magic 暫存表,4,,N
TEMP_3800152,Magic 暫存表,6,,N
TEMP_3800627,Magic 暫存表,7,,N
TEMP_3804150,Magic 暫存表,1,,N
TEMP_3805780,Magic 暫存表,6,,N
TEMP_3809847,Magic 暫存表,2,,N
TEMP_3810950,Magic 暫存表,10,,N
TEMP_3811796,Magic 暫存表,4,,N
TEMP_3817152,Magic 暫存表,2,,N
TEMP_3819677,Magic 暫存表,2,,N
TEMP_3821626,Magic 暫存表,3,,N
TEMP_3824804,Magic 暫存表,0,,N
TEMP_3825408,Magic 暫存表,2,,N
TEMP_3825833,Magic 暫存表,2,,N
TEMP_3833274,Magic 暫存表,2,,N
TEMP_3837800,Magic 暫存表,1,,N
TEMP_3839558,Magic 暫存表,1,,N
TEMP_3840164,Magic 暫存表,2,,N
TEMP_3843190,Magic 暫存表,2,,N
TEMP_3851146,Magic 暫存表,0,,N
TEMP_3852579,Magic 暫存表,5,,N
TEMP_3853784,Magic 暫存表,2,,N
TEMP_3858736,Magic 暫存表,3,,N
TEMP_3859988,Magic 暫存表,7,,N
TEMP_3860954,Magic 暫存表,4,,N
TEMP_3862926,Magic 暫存表,3,,N
TEMP_3864415,Magic 暫存表,3,,N
TEMP_3865102,Magic 暫存表,4,,N
TEMP_3866508,Magic 暫存表,3,,N
TEMP_3869761,Magic 暫存表,2,,N
TEMP_3873736,Magic 暫存表,6,,N
TEMP_3875264,Magic 暫存表,1,,N
TEMP_3875292,Magic 暫存表,4,,N
TEMP_3875618,Magic 暫存表,5,,N
TEMP_3879919,Magic 暫存表,5,,N
TEMP_3881046,Magic 暫存表,4,,N
TEMP_3881820,Magic 暫存表,2,,N
TEMP_3882032,Magic 暫存表,2,,N
TEMP_3882592,Magic 暫存表,3,,N
TEMP_3882829,Magic 暫存表,3,,N
TEMP_3883142,Magic 暫存表,4,,N
TEMP_3888672,Magic 暫存表,2,,N
TEMP_3889329,Magic 暫存表,3,,N
TEMP_3892543,Magic 暫存表,1,,N
TEMP_3896808,Magic 暫存表,2,,N
TEMP_3898576,Magic 暫存表,6,,N
TEMP_3899804,Magic 暫存表,2,,N
TEMP_3900144,Magic 暫存表,2,,N
TEMP_3900586,Magic 暫存表,3,,N
TEMP_3905336,Magic 暫存表,0,,N
TEMP_3909692,Magic 暫存表,2,,N
TEMP_3912760,Magic 暫存表,5,,N
TEMP_3913714,Magic 暫存表,1,,N
TEMP_3915162,Magic 暫存表,4,,N
TEMP_3916125,Magic 暫存表,2,,N
TEMP_3927964,Magic 暫存表,3,,N
TEMP_3928672,Magic 暫存表,6,,N
TEMP_3935841,Magic 暫存表,2,,N
TEMP_3936061,Magic 暫存表,9,,N
TEMP_3936249,Magic 暫存表,5,,N
TEMP_3939852,Magic 暫存表,4,,N
TEMP_3941092,Magic 暫存表,2,,N
TEMP_3944592,Magic 暫存表,0,,N
TEMP_3948816,Magic 暫存表,4,,N
TEMP_3948900,Magic 暫存表,2,,N
TEMP_3951375,Magic 暫存表,3,,N
TEMP_3953190,Magic 暫存表,1,,N
TEMP_3963750,Magic 暫存表,2,,N
TEMP_3966192,Magic 暫存表,2,,N
TEMP_3986883,Magic 暫存表,5,,N
TEMP_3990016,Magic 暫存表,1,,N
TEMP_3990610,Magic 暫存表,2,,N
TEMP_3992408,Magic 暫存表,6,,N
TEMP_3994772,Magic 暫存表,2,,N
TEMP_3995376,Magic 暫存表,1,,N
TEMP_3995598,Magic 暫存表,3,,N
TEMP_3997954,Magic 暫存表,2,,N
TEMP_3998120,Magic 暫存表,3,,N
TEMP_4000570,Magic 暫存表,11,,N
TEMP_4003878,Magic 暫存表,7,,N
TEMP_4004160,Magic 暫存表,1,,N
TEMP_4010016,Magic 暫存表,3,,N
TEMP_4010402,Magic 暫存表,5,,N
TEMP_4011158,Magic 暫存表,1,,N
TEMP_4014960,Magic 暫存表,1,,N
TEMP_4027957,Magic 暫存表,3,,N
TEMP_4030168,Magic 暫存表,2,,N
TEMP_4030980,Magic 暫存表,5,,N
TEMP_4033492,Magic 暫存表,1,,N
TEMP_4039969,Magic 暫存表,3,,N
TEMP_4041559,Magic 暫存表,0,,N
TEMP_4042160,Magic 暫存表,2,,N
TEMP_4042440,Magic 暫存表,1,,N
TEMP_4042777,Magic 暫存表,2,,N
TEMP_4049304,Magic 暫存表,6,,N
TEMP_4052183,Magic 暫存表,1,,N
TEMP_4057304,Magic 暫存表,3,,N
TEMP_4061918,Magic 暫存表,6,,N
TEMP_4062574,Magic 暫存表,3,,N
TEMP_4066430,Magic 暫存表,5,,N
TEMP_4066630,Magic 暫存表,4,,N
TEMP_4067328,Magic 暫存表,4,,N
TEMP_4067762,Magic 暫存表,5,,N
TEMP_4070455,Magic 暫存表,3,,N
TEMP_4071368,Magic 暫存表,2,,N
TEMP_4074096,Magic 暫存表,3,,N
TEMP_4075537,Magic 暫存表,2,,N
TEMP_4076736,Magic 暫存表,9,,N
TEMP_4076750,Magic 暫存表,8,,N
TEMP_4078296,Magic 暫存表,1,,N
TEMP_4080376,Magic 暫存表,4,,N
TEMP_4081424,Magic 暫存表,3,,N
TEMP_4083420,Magic 暫存表,2,,N
TEMP_4085517,Magic 暫存表,1,,N
TEMP_4086106,Magic 暫存表,4,,N
TEMP_4086310,Magic 暫存表,1,,N
TEMP_4091886,Magic 暫存表,1,,N
TEMP_4093277,Magic 暫存表,1,,N
TEMP_4094656,Magic 暫存表,2,,N
TEMP_4096640,Magic 暫存表,5,,N
TEMP_4098040,Magic 暫存表,1,,N
TEMP_4106874,Magic 暫存表,6,,N
TEMP_4108628,Magic 暫存表,2,,N
TEMP_4109066,Magic 暫存表,2,,N
TEMP_4110207,Magic 暫存表,2,,N
TEMP_4111360,Magic 暫存表,4,,N
TEMP_4111579,Magic 暫存表,6,,N
TEMP_4117194,Magic 暫存表,4,,N
TEMP_4117680,Magic 暫存表,1,,N
TEMP_4118044,Magic 暫存表,5,,N
TEMP_4121572,Magic 暫存表,7,,N
TEMP_4122116,Magic 暫存表,0,,N
TEMP_4126733,Magic 暫存表,5,,N
TEMP_4128818,Magic 暫存表,2,,N
TEMP_4132289,Magic 暫存表,3,,N
TEMP_4133087,Magic 暫存表,2,,N
TEMP_4133490,Magic 暫存表,3,,N
TEMP_4136088,Magic 暫存表,3,,N
TEMP_4138896,Magic 暫存表,2,,N
TEMP_4141454,Magic 暫存表,2,,N
TEMP_4143127,Magic 暫存表,6,,N
TEMP_4143881,Magic 暫存表,4,,N
TEMP_4147544,Magic 暫存表,4,,N
TEMP_4148969,Magic 暫存表,0,,N
TEMP_4154504,Magic 暫存表,6,,N
TEMP_4156218,Magic 暫存表,5,,N
TEMP_4159180,Magic 暫存表,6,,N
TEMP_4159264,Magic 暫存表,0,,N
TEMP_4164969,Magic 暫存表,0,,N
TEMP_4172380,Magic 暫存表,4,,N
TEMP_4173410,Magic 暫存表,1,,N
TEMP_4175440,Magic 暫存表,3,,N
TEMP_4176971,Magic 暫存表,5,,N
TEMP_4177304,Magic 暫存表,4,,N
TEMP_4180939,Magic 暫存表,8,,N
TEMP_4183128,Magic 暫存表,1,,N
TEMP_4183410,Magic 暫存表,6,,N
TEMP_4190074,Magic 暫存表,3,,N
TEMP_4199730,Magic 暫存表,2,,N
TEMP_4201060,Magic 暫存表,1,,N
TEMP_4201863,Magic 暫存表,1,,N
TEMP_4203044,Magic 暫存表,3,,N
TEMP_4203765,Magic 暫存表,6,,N
TEMP_4210552,Magic 暫存表,1,,N
TEMP_4212784,Magic 暫存表,6,,N
TEMP_4215158,Magic 暫存表,3,,N
TEMP_4216517,Magic 暫存表,5,,N
TEMP_4223290,Magic 暫存表,3,,N
TEMP_4224149,Magic 暫存表,1,,N
TEMP_4227193,Magic 暫存表,5,,N
TEMP_4227304,Magic 暫存表,1,,N
TEMP_4227545,Magic 暫存表,2,,N
TEMP_4233306,Magic 暫存表,2,,N
TEMP_4233960,Magic 暫存表,2,,N
TEMP_4236808,Magic 暫存表,2,,N
TEMP_4236987,Magic 暫存表,4,,N
TEMP_4239292,Magic 暫存表,0,,N
TEMP_4239838,Magic 暫存表,3,,N
TEMP_4240143,Magic 暫存表,3,,N
TEMP_4242100,Magic 暫存表,7,,N
TEMP_4243116,Magic 暫存表,0,,N
TEMP_4247102,Magic 暫存表,3,,N
TEMP_4248326,Magic 暫存表,3,,N
TEMP_4248527,Magic 暫存表,9,,N
TEMP_4248650,Magic 暫存表,2,,N
TEMP_4251696,Magic 暫存表,1,,N
TEMP_4253366,Magic 暫存表,2,,N
TEMP_4255464,Magic 暫存表,2,,N
TEMP_4256104,Magic 暫存表,2,,N
TEMP_4257168,Magic 暫存表,5,,N
TEMP_4258322,Magic 暫存表,1,,N
TEMP_4258761,Magic 暫存表,1,,N
TEMP_4261306,Magic 暫存表,0,,N
TEMP_4262439,Magic 暫存表,6,,N
TEMP_4263152,Magic 暫存表,0,,N
TEMP_4266580,Magic 暫存表,8,,N
TEMP_4266746,Magic 暫存表,11,,N
TEMP_4267248,Magic 暫存表,4,,N
TEMP_4267704,Magic 暫存表,2,,N
TEMP_4269004,Magic 暫存表,2,,N
TEMP_4269388,Magic 暫存表,3,,N
TEMP_4269896,Magic 暫存表,1,,N
TEMP_4274830,Magic 暫存表,4,,N
TEMP_4277736,Magic 暫存表,1,,N
TEMP_4279800,Magic 暫存表,10,,N
TEMP_4284279,Magic 暫存表,1,,N
TEMP_4291472,Magic 暫存表,1,,N
TEMP_4293784,Magic 暫存表,4,,N
TEMP_4294178,Magic 暫存表,7,,N
TEMP_4297824,Magic 暫存表,1,,N
TEMP_4298520,Magic 暫存表,2,,N
TEMP_4302125,Magic 暫存表,2,,N
TEMP_4303296,Magic 暫存表,7,,N
TEMP_4315511,Magic 暫存表,3,,N
TEMP_4317236,Magic 暫存表,3,,N
TEMP_4320640,Magic 暫存表,5,,N
TEMP_4327139,Magic 暫存表,3,,N
TEMP_4330816,Magic 暫存表,6,,N
TEMP_4331954,Magic 暫存表,1,,N
TEMP_4334252,Magic 暫存表,10,,N
TEMP_4338200,Magic 暫存表,2,,N
TEMP_4343605,Magic 暫存表,6,,N
TEMP_4345528,Magic 暫存表,3,,N
TEMP_4345816,Magic 暫存表,3,,N
TEMP_4348032,Magic 暫存表,1,,N
TEMP_4349356,Magic 暫存表,4,,N
TEMP_4349804,Magic 暫存表,0,,N
TEMP_4350418,Magic 暫存表,0,,N
TEMP_4352421,Magic 暫存表,2,,N
TEMP_4359558,Magic 暫存表,2,,N
TEMP_4363915,Magic 暫存表,11,,N
TEMP_4365808,Magic 暫存表,1,,N
TEMP_4366988,Magic 暫存表,3,,N
TEMP_4373532,Magic 暫存表,5,,N
TEMP_4377120,Magic 暫存表,6,,N
TEMP_4379073,Magic 暫存表,1,,N
TEMP_4379504,Magic 暫存表,2,,N
TEMP_4393700,Magic 暫存表,2,,N
TEMP_4395014,Magic 暫存表,2,,N
TEMP_4402336,Magic 暫存表,2,,N
TEMP_4405460,Magic 暫存表,1,,N
TEMP_4410564,Magic 暫存表,1,,N
TEMP_4417120,Magic 暫存表,3,,N
TEMP_4418962,Magic 暫存表,2,,N
TEMP_4419842,Magic 暫存表,2,,N
TEMP_4422054,Magic 暫存表,4,,N
TEMP_4423684,Magic 暫存表,1,,N
TEMP_4424047,Magic 暫存表,2,,N
TEMP_4424384,Magic 暫存表,7,,N
TEMP_4425000,Magic 暫存表,2,,N
TEMP_4425464,Magic 暫存表,3,,N
TEMP_4427057,Magic 暫存表,1,,N
TEMP_4428064,Magic 暫存表,5,,N
TEMP_4434460,Magic 暫存表,7,,N
TEMP_4436204,Magic 暫存表,2,,N
TEMP_4441308,Magic 暫存表,2,,N
TEMP_4442658,Magic 暫存表,2,,N
TEMP_4448026,Magic 暫存表,5,,N
TEMP_4448866,Magic 暫存表,4,,N
TEMP_4449408,Magic 暫存表,6,,N
TEMP_4452810,Magic 暫存表,0,,N
TEMP_4458938,Magic 暫存表,3,,N
TEMP_4459213,Magic 暫存表,1,,N
TEMP_4461256,Magic 暫存表,2,,N
TEMP_4461296,Magic 暫存表,11,,N
TEMP_4461494,Magic 暫存表,2,,N
TEMP_4469454,Magic 暫存表,0,,N
TEMP_4470204,Magic 暫存表,1,,N
TEMP_4473890,Magic 暫存表,7,,N
TEMP_4477765,Magic 暫存表,8,,N
TEMP_4482442,Magic 暫存表,2,,N
TEMP_4482928,Magic 暫存表,0,,N
TEMP_4486078,Magic 暫存表,3,,N
TEMP_4488350,Magic 暫存表,4,,N
TEMP_4489392,Magic 暫存表,4,,N
TEMP_4491658,Magic 暫存表,2,,N
TEMP_4492796,Magic 暫存表,4,,N
TEMP_4493092,Magic 暫存表,6,,N
TEMP_4495954,Magic 暫存表,0,,N
TEMP_4498100,Magic 暫存表,1,,N
TEMP_4502682,Magic 暫存表,7,,N
TEMP_4514481,Magic 暫存表,7,,N
TEMP_4514482,Magic 暫存表,5,,N
TEMP_4515217,Magic 暫存表,1,,N
TEMP_4516195,Magic 暫存表,1,,N
TEMP_4516616,Magic 暫存表,1,,N
TEMP_4517216,Magic 暫存表,4,,N
TEMP_4518322,Magic 暫存表,2,,N
TEMP_4521648,Magic 暫存表,3,,N
TEMP_4522073,Magic 暫存表,4,,N
TEMP_4522296,Magic 暫存表,14,,N
TEMP_4522412,Magic 暫存表,3,,N
TEMP_4522639,Magic 暫存表,6,,N
TEMP_4525724,Magic 暫存表,7,,N
TEMP_4527556,Magic 暫存表,4,,N
TEMP_4528820,Magic 暫存表,1,,N
TEMP_4529704,Magic 暫存表,3,,N
TEMP_4531249,Magic 暫存表,1,,N
TEMP_4531498,Magic 暫存表,4,,N
TEMP_4534219,Magic 暫存表,0,,N
TEMP_4534268,Magic 暫存表,7,,N
TEMP_4534954,Magic 暫存表,4,,N
TEMP_4538954,Magic 暫存表,2,,N
TEMP_4540178,Magic 暫存表,7,,N
TEMP_4541690,Magic 暫存表,1,,N
TEMP_4543204,Magic 暫存表,2,,N
TEMP_4547643,Magic 暫存表,1,,N
TEMP_4551686,Magic 暫存表,7,,N
TEMP_4558860,Magic 暫存表,10,,N
TEMP_4560217,Magic 暫存表,2,,N
TEMP_4566046,Magic 暫存表,5,,N
TEMP_4567296,Magic 暫存表,4,,N
TEMP_4567350,Magic 暫存表,7,,N
TEMP_4568486,Magic 暫存表,7,,N
TEMP_4572640,Magic 暫存表,9,,N
TEMP_4574602,Magic 暫存表,3,,N
TEMP_4581012,Magic 暫存表,1,,N
TEMP_4581125,Magic 暫存表,0,,N
TEMP_4582198,Magic 暫存表,6,,N
TEMP_4582466,Magic 暫存表,1,,N
TEMP_4582735,Magic 暫存表,10,,N
TEMP_4585676,Magic 暫存表,2,,N
TEMP_4586290,Magic 暫存表,4,,N
TEMP_4586688,Magic 暫存表,8,,N
TEMP_4587265,Magic 暫存表,6,,N
TEMP_4587848,Magic 暫存表,6,,N
TEMP_4589264,Magic 暫存表,6,,N
TEMP_4590592,Magic 暫存表,5,,N
TEMP_4591650,Magic 暫存表,1,,N
TEMP_4592156,Magic 暫存表,6,,N
TEMP_4596154,Magic 暫存表,5,,N
TEMP_4603048,Magic 暫存表,1,,N
TEMP_4609422,Magic 暫存表,5,,N
TEMP_4611672,Magic 暫存表,3,,N
TEMP_4612070,Magic 暫存表,5,,N
TEMP_4615388,Magic 暫存表,2,,N
TEMP_4616092,Magic 暫存表,4,,N
TEMP_4620190,Magic 暫存表,2,,N
TEMP_4624574,Magic 暫存表,0,,N
TEMP_4624868,Magic 暫存表,2,,N
TEMP_4627455,Magic 暫存表,1,,N
TEMP_4633648,Magic 暫存表,2,,N
TEMP_4637128,Magic 暫存表,2,,N
TEMP_4638124,Magic 暫存表,4,,N
TEMP_4638457,Magic 暫存表,3,,N
TEMP_4639000,Magic 暫存表,10,,N
TEMP_4640079,Magic 暫存表,0,,N
TEMP_4640403,Magic 暫存表,4,,N
TEMP_4641912,Magic 暫存表,2,,N
TEMP_4646000,Magic 暫存表,4,,N
TEMP_4648136,Magic 暫存表,5,,N
TEMP_4650318,Magic 暫存表,7,,N
TEMP_4650890,Magic 暫存表,4,,N
TEMP_4657344,Magic 暫存表,0,,N
TEMP_4657641,Magic 暫存表,3,,N
TEMP_4659199,Magic 暫存表,3,,N
TEMP_4660144,Magic 暫存表,4,,N
TEMP_4661510,Magic 暫存表,6,,N
TEMP_4661592,Magic 暫存表,1,,N
TEMP_4663224,Magic 暫存表,4,,N
TEMP_4665344,Magic 暫存表,6,,N
TEMP_4668900,Magic 暫存表,2,,N
TEMP_4673064,Magic 暫存表,10,,N
TEMP_4674013,Magic 暫存表,3,,N
TEMP_4677392,Magic 暫存表,1,,N
TEMP_4681528,Magic 暫存表,0,,N
TEMP_4682485,Magic 暫存表,6,,N
TEMP_4683770,Magic 暫存表,4,,N
TEMP_4684206,Magic 暫存表,0,,N
TEMP_4684857,Magic 暫存表,2,,N
TEMP_4692434,Magic 暫存表,2,,N
TEMP_4693248,Magic 暫存表,11,,N
TEMP_4700946,Magic 暫存表,2,,N
TEMP_4706864,Magic 暫存表,5,,N
TEMP_4718764,Magic 暫存表,5,,N
TEMP_4727028,Magic 暫存表,5,,N
TEMP_4728329,Magic 暫存表,2,,N
TEMP_4732152,Magic 暫存表,0,,N
TEMP_4733054,Magic 暫存表,1,,N
TEMP_4737222,Magic 暫存表,2,,N
TEMP_4738904,Magic 暫存表,2,,N
TEMP_4740796,Magic 暫存表,2,,N
TEMP_4742046,Magic 暫存表,3,,N
TEMP_4744972,Magic 暫存表,2,,N
TEMP_4746219,Magic 暫存表,2,,N
TEMP_4749454,Magic 暫存表,2,,N
TEMP_4753136,Magic 暫存表,6,,N
TEMP_4759816,Magic 暫存表,3,,N
TEMP_4763172,Magic 暫存表,10,,N
TEMP_4765896,Magic 暫存表,2,,N
TEMP_4767672,Magic 暫存表,4,,N
TEMP_4770820,Magic 暫存表,2,,N
TEMP_4772854,Magic 暫存表,18,,N
TEMP_4773720,Magic 暫存表,4,,N
TEMP_4776404,Magic 暫存表,1,,N
TEMP_4780550,Magic 暫存表,4,,N
TEMP_4781422,Magic 暫存表,2,,N
TEMP_4783158,Magic 暫存表,7,,N
TEMP_4785210,Magic 暫存表,1,,N
TEMP_4812676,Magic 暫存表,5,,N
TEMP_4813680,Magic 暫存表,2,,N
TEMP_4814842,Magic 暫存表,0,,N
TEMP_4816508,Magic 暫存表,5,,N
TEMP_4821626,Magic 暫存表,2,,N
TEMP_4824770,Magic 暫存表,11,,N
TEMP_4830592,Magic 暫存表,1,,N
TEMP_4834234,Magic 暫存表,1,,N
TEMP_4834950,Magic 暫存表,4,,N
TEMP_4836734,Magic 暫存表,2,,N
TEMP_4836836,Magic 暫存表,2,,N
TEMP_4845204,Magic 暫存表,1,,N
TEMP_4846366,Magic 暫存表,1,,N
TEMP_4847704,Magic 暫存表,6,,N
TEMP_4856821,Magic 暫存表,3,,N
TEMP_4857234,Magic 暫存表,5,,N
TEMP_4859442,Magic 暫存表,0,,N
TEMP_4865634,Magic 暫存表,2,,N
TEMP_4865769,Magic 暫存表,3,,N
TEMP_4867236,Magic 暫存表,9,,N
TEMP_4874090,Magic 暫存表,8,,N
TEMP_4879600,Magic 暫存表,3,,N
TEMP_4883124,Magic 暫存表,13,,N
TEMP_4888481,Magic 暫存表,3,,N
TEMP_4888768,Magic 暫存表,2,,N
TEMP_4890643,Magic 暫存表,3,,N
TEMP_4896503,Magic 暫存表,7,,N
TEMP_4896634,Magic 暫存表,1,,N
TEMP_4897192,Magic 暫存表,1,,N
TEMP_4898452,Magic 暫存表,5,,N
TEMP_4898796,Magic 暫存表,4,,N
TEMP_4899804,Magic 暫存表,2,,N
TEMP_4900351,Magic 暫存表,3,,N
TEMP_4900623,Magic 暫存表,5,,N
TEMP_4900816,Magic 暫存表,2,,N
TEMP_4901500,Magic 暫存表,1,,N
TEMP_4901889,Magic 暫存表,3,,N
TEMP_4902520,Magic 暫存表,2,,N
TEMP_4903452,Magic 暫存表,1,,N
TEMP_4905176,Magic 暫存表,4,,N
TEMP_4906736,Magic 暫存表,10,,N
TEMP_4913573,Magic 暫存表,3,,N
TEMP_4916176,Magic 暫存表,3,,N
TEMP_4916878,Magic 暫存表,3,,N
TEMP_4920435,Magic 暫存表,4,,N
TEMP_4923400,Magic 暫存表,0,,N
TEMP_4925378,Magic 暫存表,0,,N
TEMP_4928466,Magic 暫存表,3,,N
TEMP_4932956,Magic 暫存表,4,,N
TEMP_4933712,Magic 暫存表,3,,N
TEMP_4934678,Magic 暫存表,4,,N
TEMP_4934694,Magic 暫存表,3,,N
TEMP_4937331,Magic 暫存表,1,,N
TEMP_4942520,Magic 暫存表,3,,N
TEMP_4943263,Magic 暫存表,1,,N
TEMP_4944648,Magic 暫存表,4,,N
TEMP_4946171,Magic 暫存表,6,,N
TEMP_4949754,Magic 暫存表,5,,N
TEMP_4950132,Magic 暫存表,6,,N
TEMP_4958028,Magic 暫存表,0,,N
TEMP_4962692,Magic 暫存表,1,,N
TEMP_4962956,Magic 暫存表,3,,N
TEMP_4968625,Magic 暫存表,12,,N
TEMP_4971736,Magic 暫存表,1,,N
TEMP_4972040,Magic 暫存表,1,,N
TEMP_4975326,Magic 暫存表,9,,N
TEMP_4977466,Magic 暫存表,1,,N
TEMP_4979224,Magic 暫存表,2,,N
TEMP_4981564,Magic 暫存表,5,,N
TEMP_4984672,Magic 暫存表,4,,N
TEMP_4985412,Magic 暫存表,3,,N
TEMP_4986169,Magic 暫存表,3,,N
TEMP_4989000,Magic 暫存表,4,,N
TEMP_4990546,Magic 暫存表,6,,N
TEMP_4992097,Magic 暫存表,2,,N
TEMP_5001219,Magic 暫存表,2,,N
TEMP_5007912,Magic 暫存表,0,,N
TEMP_5008272,Magic 暫存表,3,,N
TEMP_5011160,Magic 暫存表,3,,N
TEMP_5013105,Magic 暫存表,8,,N
TEMP_5014144,Magic 暫存表,4,,N
TEMP_5017014,Magic 暫存表,3,,N
TEMP_5021779,Magic 暫存表,2,,N
TEMP_5023592,Magic 暫存表,6,,N
TEMP_5024448,Magic 暫存表,0,,N
TEMP_5026092,Magic 暫存表,1,,N
TEMP_5034560,Magic 暫存表,5,,N
TEMP_5034992,Magic 暫存表,6,,N
TEMP_5035904,Magic 暫存表,5,,N
TEMP_5037363,Magic 暫存表,0,,N
TEMP_5038420,Magic 暫存表,4,,N
TEMP_5038750,Magic 暫存表,7,,N
TEMP_5041280,Magic 暫存表,3,,N
TEMP_5046329,Magic 暫存表,3,,N
TEMP_5049152,Magic 暫存表,0,,N
TEMP_5051987,Magic 暫存表,2,,N
TEMP_5056000,Magic 暫存表,2,,N
TEMP_5059125,Magic 暫存表,2,,N
TEMP_5060601,Magic 暫存表,5,,N
TEMP_5061566,Magic 暫存表,4,,N
TEMP_5063954,Magic 暫存表,2,,N
TEMP_5064954,Magic 暫存表,12,,N
TEMP_5065455,Magic 暫存表,7,,N
TEMP_5067411,Magic 暫存表,9,,N
TEMP_5068711,Magic 暫存表,1,,N
TEMP_5069176,Magic 暫存表,4,,N
TEMP_5069838,Magic 暫存表,3,,N
TEMP_5070780,Magic 暫存表,7,,N
TEMP_5071318,Magic 暫存表,5,,N
TEMP_5071500,Magic 暫存表,3,,N
TEMP_5071716,Magic 暫存表,9,,N
TEMP_5071980,Magic 暫存表,6,,N
TEMP_5073052,Magic 暫存表,4,,N
TEMP_5082964,Magic 暫存表,7,,N
TEMP_5083636,Magic 暫存表,4,,N
TEMP_5084010,Magic 暫存表,5,,N
TEMP_5084544,Magic 暫存表,5,,N
TEMP_5087600,Magic 暫存表,2,,N
TEMP_5089072,Magic 暫存表,2,,N
TEMP_5089796,Magic 暫存表,2,,N
TEMP_5090573,Magic 暫存表,1,,N
TEMP_5091046,Magic 暫存表,2,,N
TEMP_5091592,Magic 暫存表,0,,N
TEMP_5096704,Magic 暫存表,2,,N
TEMP_5099389,Magic 暫存表,4,,N
TEMP_5099500,Magic 暫存表,3,,N
TEMP_5100931,Magic 暫存表,3,,N
TEMP_5102547,Magic 暫存表,2,,N
TEMP_5104820,Magic 暫存表,3,,N
TEMP_5112000,Magic 暫存表,1,,N
TEMP_5113329,Magic 暫存表,0,,N
TEMP_5116582,Magic 暫存表,1,,N
TEMP_5118888,Magic 暫存表,0,,N
TEMP_5120545,Magic 暫存表,5,,N
TEMP_5123060,Magic 暫存表,5,,N
TEMP_5129992,Magic 暫存表,3,,N
TEMP_5134836,Magic 暫存表,4,,N
TEMP_5136386,Magic 暫存表,2,,N
TEMP_5138224,Magic 暫存表,4,,N
TEMP_5138967,Magic 暫存表,6,,N
TEMP_5139039,Magic 暫存表,1,,N
TEMP_5139160,Magic 暫存表,3,,N
TEMP_5140789,Magic 暫存表,4,,N
TEMP_5141024,Magic 暫存表,2,,N
TEMP_5149009,Magic 暫存表,1,,N
TEMP_5151806,Magic 暫存表,4,,N
TEMP_5162036,Magic 暫存表,3,,N
TEMP_5163248,Magic 暫存表,4,,N
TEMP_5163983,Magic 暫存表,7,,N
TEMP_5168244,Magic 暫存表,0,,N
TEMP_5168424,Magic 暫存表,7,,N
TEMP_5168604,Magic 暫存表,2,,N
TEMP_5172558,Magic 暫存表,1,,N
TEMP_5174324,Magic 暫存表,2,,N
TEMP_5175336,Magic 暫存表,0,,N
TEMP_5177168,Magic 暫存表,5,,N
TEMP_5184000,Magic 暫存表,3,,N
TEMP_5185109,Magic 暫存表,2,,N
TEMP_5189375,Magic 暫存表,4,,N
TEMP_5190184,Magic 暫存表,4,,N
TEMP_5193594,Magic 暫存表,1,,N
TEMP_5194207,Magic 暫存表,3,,N
TEMP_5195467,Magic 暫存表,4,,N
TEMP_5200472,Magic 暫存表,1,,N
TEMP_5207170,Magic 暫存表,3,,N
TEMP_5209234,Magic 暫存表,3,,N
TEMP_5211450,Magic 暫存表,5,,N
TEMP_5212696,Magic 暫存表,1,,N
TEMP_5215600,Magic 暫存表,8,,N
TEMP_5217492,Magic 暫存表,3,,N
TEMP_5225021,Magic 暫存表,3,,N
TEMP_5229048,Magic 暫存表,2,,N
TEMP_5230192,Magic 暫存表,3,,N
TEMP_5231592,Magic 暫存表,1,,N
TEMP_5239052,Magic 暫存表,5,,N
TEMP_5239756,Magic 暫存表,4,,N
TEMP_5241614,Magic 暫存表,5,,N
TEMP_5243902,Magic 暫存表,3,,N
TEMP_5248323,Magic 暫存表,7,,N
TEMP_5248344,Magic 暫存表,2,,N
TEMP_5249304,Magic 暫存表,2,,N
TEMP_5252590,Magic 暫存表,2,,N
TEMP_5253502,Magic 暫存表,1,,N
TEMP_5253957,Magic 暫存表,1,,N
TEMP_5256480,Magic 暫存表,3,,N
TEMP_5257373,Magic 暫存表,7,,N
TEMP_5257466,Magic 暫存表,1,,N
TEMP_5263143,Magic 暫存表,5,,N
TEMP_5263320,Magic 暫存表,3,,N
TEMP_5265344,Magic 暫存表,0,,N
TEMP_5267257,Magic 暫存表,2,,N
TEMP_5269862,Magic 暫存表,1,,N
TEMP_5271112,Magic 暫存表,5,,N
TEMP_5271432,Magic 暫存表,3,,N
TEMP_5272836,Magic 暫存表,4,,N
TEMP_5274706,Magic 暫存表,2,,N
TEMP_5280421,Magic 暫存表,1,,N
TEMP_5280756,Magic 暫存表,5,,N
TEMP_5280816,Magic 暫存表,0,,N
TEMP_5283040,Magic 暫存表,0,,N
TEMP_5285804,Magic 暫存表,0,,N
TEMP_5286421,Magic 暫存表,6,,N
TEMP_5289325,Magic 暫存表,5,,N
TEMP_5292274,Magic 暫存表,1,,N
TEMP_5294502,Magic 暫存表,5,,N
TEMP_5294660,Magic 暫存表,5,,N
TEMP_5295300,Magic 暫存表,3,,N
TEMP_5297790,Magic 暫存表,2,,N
TEMP_5298776,Magic 暫存表,3,,N
TEMP_5306104,Magic 暫存表,0,,N
TEMP_5309592,Magic 暫存表,6,,N
TEMP_5312296,Magic 暫存表,7,,N
TEMP_5313782,Magic 暫存表,4,,N
TEMP_5322456,Magic 暫存表,3,,N
TEMP_5322902,Magic 暫存表,3,,N
TEMP_5327336,Magic 暫存表,2,,N
TEMP_5331866,Magic 暫存表,1,,N
TEMP_5334546,Magic 暫存表,6,,N
TEMP_5334908,Magic 暫存表,2,,N
TEMP_5336928,Magic 暫存表,1,,N
TEMP_5339192,Magic 暫存表,1,,N
TEMP_5342592,Magic 暫存表,4,,N
TEMP_5343079,Magic 暫存表,7,,N
TEMP_5344542,Magic 暫存表,3,,N
TEMP_5352532,Magic 暫存表,3,,N
TEMP_5355444,Magic 暫存表,4,,N
TEMP_5355472,Magic 暫存表,3,,N
TEMP_5358544,Magic 暫存表,2,,N
TEMP_5361388,Magic 暫存表,5,,N
TEMP_5365574,Magic 暫存表,8,,N
TEMP_5368206,Magic 暫存表,2,,N
TEMP_5370108,Magic 暫存表,6,,N
TEMP_5372893,Magic 暫存表,2,,N
TEMP_5374192,Magic 暫存表,1,,N
TEMP_5375013,Magic 暫存表,1,,N
TEMP_5385398,Magic 暫存表,3,,N
TEMP_5393590,Magic 暫存表,0,,N
TEMP_5393888,Magic 暫存表,2,,N
TEMP_5394045,Magic 暫存表,3,,N
TEMP_5403508,Magic 暫存表,6,,N
TEMP_5407434,Magic 暫存表,6,,N
TEMP_5411770,Magic 暫存表,8,,N
TEMP_5415282,Magic 暫存表,2,,N
TEMP_5415393,Magic 暫存表,4,,N
TEMP_5418480,Magic 暫存表,5,,N
TEMP_5419864,Magic 暫存表,5,,N
TEMP_5420641,Magic 暫存表,1,,N
TEMP_5434138,Magic 暫存表,7,,N
TEMP_5434230,Magic 暫存表,8,,N
TEMP_5436454,Magic 暫存表,5,,N
TEMP_5437896,Magic 暫存表,2,,N
TEMP_5439250,Magic 暫存表,1,,N
TEMP_5439490,Magic 暫存表,3,,N
TEMP_5440774,Magic 暫存表,5,,N
TEMP_5442189,Magic 暫存表,7,,N
TEMP_5444577,Magic 暫存表,1,,N
TEMP_5450576,Magic 暫存表,3,,N
TEMP_5452354,Magic 暫存表,1,,N
TEMP_5456632,Magic 暫存表,1,,N
TEMP_5458454,Magic 暫存表,7,,N
TEMP_5462274,Magic 暫存表,3,,N
TEMP_5466896,Magic 暫存表,1,,N
TEMP_5468382,Magic 暫存表,2,,N
TEMP_5470206,Magic 暫存表,1,,N
TEMP_5471286,Magic 暫存表,3,,N
TEMP_5471300,Magic 暫存表,2,,N
TEMP_5475984,Magic 暫存表,3,,N
TEMP_5476119,Magic 暫存表,2,,N
TEMP_5476216,Magic 暫存表,3,,N
TEMP_5476486,Magic 暫存表,10,,N
TEMP_5478204,Magic 暫存表,5,,N
TEMP_5479253,Magic 暫存表,9,,N
TEMP_5479954,Magic 暫存表,4,,N
TEMP_5483624,Magic 暫存表,2,,N
TEMP_5484287,Magic 暫存表,4,,N
TEMP_5485204,Magic 暫存表,3,,N
TEMP_5485842,Magic 暫存表,1,,N
TEMP_5486204,Magic 暫存表,2,,N
TEMP_5490444,Magic 暫存表,9,,N
TEMP_5493502,Magic 暫存表,7,,N
TEMP_5496219,Magic 暫存表,7,,N
TEMP_5497953,Magic 暫存表,4,,N
TEMP_5502802,Magic 暫存表,5,,N
TEMP_5515468,Magic 暫存表,3,,N
TEMP_5518018,Magic 暫存表,3,,N
TEMP_5522660,Magic 暫存表,0,,N
TEMP_5523400,Magic 暫存表,4,,N
TEMP_5523596,Magic 暫存表,7,,N
TEMP_5526886,Magic 暫存表,3,,N
TEMP_5532055,Magic 暫存表,1,,N
TEMP_5536540,Magic 暫存表,1,,N
TEMP_5538698,Magic 暫存表,6,,N
TEMP_5540866,Magic 暫存表,1,,N
TEMP_5543762,Magic 暫存表,1,,N
TEMP_5544322,Magic 暫存表,1,,N
TEMP_5548748,Magic 暫存表,18,,N
TEMP_5550234,Magic 暫存表,4,,N
TEMP_5551890,Magic 暫存表,3,,N
TEMP_5553642,Magic 暫存表,5,,N
TEMP_5560808,Magic 暫存表,1,,N
TEMP_5565656,Magic 暫存表,4,,N
TEMP_5567528,Magic 暫存表,0,,N
TEMP_5570234,Magic 暫存表,8,,N
TEMP_5573098,Magic 暫存表,2,,N
TEMP_5573574,Magic 暫存表,4,,N
TEMP_5578639,Magic 暫存表,3,,N
TEMP_5582726,Magic 暫存表,1,,N
TEMP_5585195,Magic 暫存表,2,,N
TEMP_5590802,Magic 暫存表,5,,N
TEMP_5592378,Magic 暫存表,2,,N
TEMP_5594463,Magic 暫存表,2,,N
TEMP_5594856,Magic 暫存表,3,,N
TEMP_5596208,Magic 暫存表,1,,N
TEMP_5599593,Magic 暫存表,9,,N
TEMP_5603934,Magic 暫存表,1,,N
TEMP_5607312,Magic 暫存表,2,,N
TEMP_5607336,Magic 暫存表,11,,N
TEMP_5608750,Magic 暫存表,3,,N
TEMP_5608933,Magic 暫存表,2,,N
TEMP_5613750,Magic 暫存表,1,,N
TEMP_5613824,Magic 暫存表,2,,N
TEMP_5614704,Magic 暫存表,0,,N
TEMP_5614748,Magic 暫存表,8,,N
TEMP_5614828,Magic 暫存表,2,,N
TEMP_5615744,Magic 暫存表,1,,N
TEMP_5616097,Magic 暫存表,1,,N
TEMP_5616817,Magic 暫存表,5,,N
TEMP_5619671,Magic 暫存表,3,,N
TEMP_5622778,Magic 暫存表,0,,N
TEMP_5623448,Magic 暫存表,5,,N
TEMP_5624297,Magic 暫存表,1,,N
TEMP_5628100,Magic 暫存表,2,,N
TEMP_5630166,Magic 暫存表,7,,N
TEMP_5632546,Magic 暫存表,5,,N
TEMP_5632866,Magic 暫存表,3,,N
TEMP_5635926,Magic 暫存表,3,,N
TEMP_5638224,Magic 暫存表,3,,N
TEMP_5638716,Magic 暫存表,2,,N
TEMP_5640176,Magic 暫存表,11,,N
TEMP_5640400,Magic 暫存表,3,,N
TEMP_5641916,Magic 暫存表,7,,N
TEMP_5643221,Magic 暫存表,1,,N
TEMP_5651152,Magic 暫存表,3,,N
TEMP_5651880,Magic 暫存表,4,,N
TEMP_5653816,Magic 暫存表,1,,N
TEMP_5658987,Magic 暫存表,7,,N
TEMP_5660464,Magic 暫存表,3,,N
TEMP_5660886,Magic 暫存表,7,,N
TEMP_5662448,Magic 暫存表,3,,N
TEMP_5662754,Magic 暫存表,8,,N
TEMP_5662772,Magic 暫存表,1,,N
TEMP_5664502,Magic 暫存表,8,,N
TEMP_5667904,Magic 暫存表,4,,N
TEMP_5668320,Magic 暫存表,4,,N
TEMP_5670509,Magic 暫存表,4,,N
TEMP_5670994,Magic 暫存表,4,,N
TEMP_5674204,Magic 暫存表,4,,N
TEMP_5675884,Magic 暫存表,1,,N
TEMP_5684778,Magic 暫存表,3,,N
TEMP_5685570,Magic 暫存表,2,,N
TEMP_5685765,Magic 暫存表,2,,N
TEMP_5686488,Magic 暫存表,2,,N
TEMP_5687092,Magic 暫存表,4,,N
TEMP_5687576,Magic 暫存表,1,,N
TEMP_5689396,Magic 暫存表,2,,N
TEMP_5689699,Magic 暫存表,5,,N
TEMP_5690923,Magic 暫存表,2,,N
TEMP_5693978,Magic 暫存表,5,,N
TEMP_5698828,Magic 暫存表,2,,N
TEMP_5699210,Magic 暫存表,1,,N
TEMP_5708722,Magic 暫存表,2,,N
TEMP_5713253,Magic 暫存表,12,,N
TEMP_5714688,Magic 暫存表,5,,N
TEMP_5717100,Magic 暫存表,1,,N
TEMP_5723945,Magic 暫存表,3,,N
TEMP_5729171,Magic 暫存表,6,,N
TEMP_5730912,Magic 暫存表,3,,N
TEMP_5732072,Magic 暫存表,4,,N
TEMP_5737410,Magic 暫存表,1,,N
TEMP_5737532,Magic 暫存表,5,,N
TEMP_5737956,Magic 暫存表,1,,N
TEMP_5738704,Magic 暫存表,5,,N
TEMP_5739560,Magic 暫存表,4,,N
TEMP_5741606,Magic 暫存表,3,,N
TEMP_5741691,Magic 暫存表,2,,N
TEMP_5742296,Magic 暫存表,0,,N
TEMP_5742314,Magic 暫存表,3,,N
TEMP_5742626,Magic 暫存表,2,,N
TEMP_5745174,Magic 暫存表,4,,N
TEMP_5749768,Magic 暫存表,2,,N
TEMP_5752484,Magic 暫存表,2,,N
TEMP_5753289,Magic 暫存表,0,,N
TEMP_5757366,Magic 暫存表,1,,N
TEMP_5760217,Magic 暫存表,2,,N
TEMP_5764771,Magic 暫存表,2,,N
TEMP_5771500,Magic 暫存表,3,,N
TEMP_5772842,Magic 暫存表,4,,N
TEMP_5773281,Magic 暫存表,7,,N
TEMP_5779590,Magic 暫存表,5,,N
TEMP_5780275,Magic 暫存表,3,,N
TEMP_5780360,Magic 暫存表,3,,N
TEMP_5781698,Magic 暫存表,4,,N
TEMP_5782396,Magic 暫存表,6,,N
TEMP_5782560,Magic 暫存表,5,,N
TEMP_5789204,Magic 暫存表,2,,N
TEMP_5790600,Magic 暫存表,3,,N
TEMP_5790915,Magic 暫存表,1,,N
TEMP_5792685,Magic 暫存表,12,,N
TEMP_5794688,Magic 暫存表,9,,N
TEMP_5800000,Magic 暫存表,3,,N
TEMP_5805560,Magic 暫存表,3,,N
TEMP_5809000,Magic 暫存表,3,,N
TEMP_5811006,Magic 暫存表,3,,N
TEMP_5811316,Magic 暫存表,2,,N
TEMP_5819152,Magic 暫存表,1,,N
TEMP_5820458,Magic 暫存表,7,,N
TEMP_5823323,Magic 暫存表,7,,N
TEMP_5827144,Magic 暫存表,7,,N
TEMP_5827681,Magic 暫存表,2,,N
TEMP_5829543,Magic 暫存表,0,,N
TEMP_5830220,Magic 暫存表,1,,N
TEMP_5830828,Magic 暫存表,5,,N
TEMP_5832592,Magic 暫存表,4,,N
TEMP_5832704,Magic 暫存表,6,,N
TEMP_5836424,Magic 暫存表,4,,N
TEMP_5839363,Magic 暫存表,8,,N
TEMP_5841410,Magic 暫存表,1,,N
TEMP_5844267,Magic 暫存表,1,,N
TEMP_5846014,Magic 暫存表,6,,N
TEMP_5847770,Magic 暫存表,5,,N
TEMP_5850137,Magic 暫存表,5,,N
TEMP_5852484,Magic 暫存表,6,,N
TEMP_5856200,Magic 暫存表,7,,N
TEMP_5857787,Magic 暫存表,2,,N
TEMP_5866489,Magic 暫存表,7,,N
TEMP_5868125,Magic 暫存表,6,,N
TEMP_5869840,Magic 暫存表,4,,N
TEMP_5870144,Magic 暫存表,3,,N
TEMP_5873596,Magic 暫存表,10,,N
TEMP_5874416,Magic 暫存表,4,,N
TEMP_5874560,Magic 暫存表,5,,N
TEMP_5878410,Magic 暫存表,1,,N
TEMP_5879379,Magic 暫存表,2,,N
TEMP_5880700,Magic 暫存表,5,,N
TEMP_5881120,Magic 暫存表,6,,N
TEMP_5885804,Magic 暫存表,1,,N
TEMP_5886484,Magic 暫存表,1,,N
TEMP_5888360,Magic 暫存表,3,,N
TEMP_5892956,Magic 暫存表,2,,N
TEMP_5894440,Magic 暫存表,1,,N
TEMP_5895486,Magic 暫存表,6,,N
TEMP_5897795,Magic 暫存表,5,,N
TEMP_5900419,Magic 暫存表,3,,N
TEMP_5902499,Magic 暫存表,0,,N
TEMP_5909232,Magic 暫存表,7,,N
TEMP_5912204,Magic 暫存表,3,,N
TEMP_5912466,Magic 暫存表,4,,N
TEMP_5915435,Magic 暫存表,8,,N
TEMP_5927949,Magic 暫存表,4,,N
TEMP_5930368,Magic 暫存表,0,,N
TEMP_5938168,Magic 暫存表,0,,N
TEMP_5938904,Magic 暫存表,4,,N
TEMP_5946234,Magic 暫存表,2,,N
TEMP_5946383,Magic 暫存表,2,,N
TEMP_5946384,Magic 暫存表,359,,N
TEMP_5947280,Magic 暫存表,3,,N
TEMP_5947478,Magic 暫存表,3,,N
TEMP_5948764,Magic 暫存表,6,,N
TEMP_5950235,Magic 暫存表,8,,N
TEMP_5953450,Magic 暫存表,3,,N
TEMP_5956284,Magic 暫存表,4,,N
TEMP_5956526,Magic 暫存表,2,,N
TEMP_5958052,Magic 暫存表,7,,N
TEMP_5960117,Magic 暫存表,5,,N
TEMP_5962624,Magic 暫存表,8,,N
TEMP_5962866,Magic 暫存表,0,,N
TEMP_5963329,Magic 暫存表,5,,N
TEMP_5966329,Magic 暫存表,4,,N
TEMP_5971456,Magic 暫存表,1,,N
TEMP_5975065,Magic 暫存表,2,,N
TEMP_5976216,Magic 暫存表,2,,N
TEMP_5976581,Magic 暫存表,2,,N
TEMP_5977296,Magic 暫存表,4,,N
TEMP_5978671,Magic 暫存表,2,,N
TEMP_5982704,Magic 暫存表,2,,N
TEMP_6000494,Magic 暫存表,5,,N
TEMP_6000538,Magic 暫存表,3,,N
TEMP_6003244,Magic 暫存表,2,,N
TEMP_6003624,Magic 暫存表,12,,N
TEMP_6012825,Magic 暫存表,4,,N
TEMP_6017936,Magic 暫存表,4,,N
TEMP_6020152,Magic 暫存表,1,,N
TEMP_6021043,Magic 暫存表,4,,N
TEMP_6024060,Magic 暫存表,6,,N
TEMP_6028264,Magic 暫存表,1,,N
TEMP_6029404,Magic 暫存表,5,,N
TEMP_6029482,Magic 暫存表,5,,N
TEMP_6029600,Magic 暫存表,3,,N
TEMP_6034312,Magic 暫存表,8,,N
TEMP_6035900,Magic 暫存表,2,,N
TEMP_6036040,Magic 暫存表,3,,N
TEMP_6037988,Magic 暫存表,2,,N
TEMP_6039595,Magic 暫存表,4,,N
TEMP_6045000,Magic 暫存表,5,,N
TEMP_6047822,Magic 暫存表,2,,N
TEMP_6052720,Magic 暫存表,7,,N
TEMP_6054608,Magic 暫存表,2,,N
TEMP_6055164,Magic 暫存表,5,,N
TEMP_6055520,Magic 暫存表,2,,N
TEMP_6057996,Magic 暫存表,2,,N
TEMP_6060912,Magic 暫存表,3,,N
TEMP_6066424,Magic 暫存表,5,,N
TEMP_6066494,Magic 暫存表,5,,N
TEMP_6068224,Magic 暫存表,2,,N
TEMP_6070362,Magic 暫存表,2,,N
TEMP_6071346,Magic 暫存表,1,,N
TEMP_6075392,Magic 暫存表,8,,N
TEMP_6078500,Magic 暫存表,2,,N
TEMP_6086058,Magic 暫存表,1,,N
TEMP_6090662,Magic 暫存表,3,,N
TEMP_6097486,Magic 暫存表,5,,N
TEMP_6102516,Magic 暫存表,2,,N
TEMP_6102867,Magic 暫存表,0,,N
TEMP_6104562,Magic 暫存表,5,,N
TEMP_6104956,Magic 暫存表,2,,N
TEMP_6106416,Magic 暫存表,15,,N
TEMP_6109782,Magic 暫存表,4,,N
TEMP_6110034,Magic 暫存表,0,,N
TEMP_6111171,Magic 暫存表,2,,N
TEMP_6113038,Magic 暫存表,3,,N
TEMP_6115796,Magic 暫存表,1,,N
TEMP_6115884,Magic 暫存表,10,,N
TEMP_6117366,Magic 暫存表,1,,N
TEMP_6121044,Magic 暫存表,1,,N
TEMP_6124207,Magic 暫存表,3,,N
TEMP_6125204,Magic 暫存表,4,,N
TEMP_6133320,Magic 暫存表,6,,N
TEMP_6150003,Magic 暫存表,5,,N
TEMP_6150400,Magic 暫存表,4,,N
TEMP_6151347,Magic 暫存表,1,,N
TEMP_6155540,Magic 暫存表,2,,N
TEMP_6159468,Magic 暫存表,3,,N
TEMP_6160704,Magic 暫存表,1,,N
TEMP_6161244,Magic 暫存表,5,,N
TEMP_6163960,Magic 暫存表,1,,N
TEMP_6164420,Magic 暫存表,3,,N
TEMP_6164704,Magic 暫存表,6,,N
TEMP_6164753,Magic 暫存表,3,,N
TEMP_6168284,Magic 暫存表,6,,N
TEMP_6169500,Magic 暫存表,2,,N
TEMP_6173030,Magic 暫存表,5,,N
TEMP_6174117,Magic 暫存表,7,,N
TEMP_6180776,Magic 暫存表,4,,N
TEMP_6180948,Magic 暫存表,3,,N
TEMP_6181112,Magic 暫存表,2,,N
TEMP_6182509,Magic 暫存表,5,,N
TEMP_6183910,Magic 暫存表,1,,N
TEMP_6184002,Magic 暫存表,1,,N
TEMP_6184554,Magic 暫存表,1,,N
TEMP_6185804,Magic 暫存表,1,,N
TEMP_6187176,Magic 暫存表,2,,N
TEMP_6188464,Magic 暫存表,1,,N
TEMP_6189146,Magic 暫存表,1,,N
TEMP_6192942,Magic 暫存表,5,,N
TEMP_6194079,Magic 暫存表,3,,N
TEMP_6194095,Magic 暫存表,7,,N
TEMP_6199363,Magic 暫存表,1,,N
TEMP_6203628,Magic 暫存表,4,,N
TEMP_6205885,Magic 暫存表,3,,N
TEMP_6205967,Magic 暫存表,2,,N
TEMP_6209496,Magic 暫存表,2,,N
TEMP_6209984,Magic 暫存表,2,,N
TEMP_6211118,Magic 暫存表,1,,N
TEMP_6215690,Magic 暫存表,2,,N
TEMP_6216792,Magic 暫存表,2,,N
TEMP_6220909,Magic 暫存表,4,,N
TEMP_6221115,Magic 暫存表,2,,N
TEMP_6224765,Magic 暫存表,3,,N
TEMP_6227219,Magic 暫存表,8,,N
TEMP_6228262,Magic 暫存表,1,,N
TEMP_6230975,Magic 暫存表,1,,N
TEMP_6232942,Magic 暫存表,1,,N
TEMP_6237936,Magic 暫存表,7,,N
TEMP_6238625,Magic 暫存表,2,,N
TEMP_6247296,Magic 暫存表,0,,N
TEMP_6247724,Magic 暫存表,5,,N
TEMP_6248388,Magic 暫存表,3,,N
TEMP_6250624,Magic 暫存表,4,,N
TEMP_6251310,Magic 暫存表,4,,N
TEMP_6252940,Magic 暫存表,2,,N
TEMP_6255280,Magic 暫存表,0,,N
TEMP_6256896,Magic 暫存表,2,,N
TEMP_6262000,Magic 暫存表,0,,N
TEMP_6262590,Magic 暫存表,0,,N
TEMP_6264217,Magic 暫存表,3,,N
TEMP_6266776,Magic 暫存表,3,,N
TEMP_6267472,Magic 暫存表,4,,N
TEMP_6268832,Magic 暫存表,7,,N
TEMP_6269720,Magic 暫存表,10,,N
TEMP_6271684,Magic 暫存表,4,,N
TEMP_6273640,Magic 暫存表,1,,N
TEMP_6274044,Magic 暫存表,8,,N
TEMP_6276296,Magic 暫存表,2,,N
TEMP_6276725,Magic 暫存表,6,,N
TEMP_6279590,Magic 暫存表,0,,N
TEMP_6283263,Magic 暫存表,2,,N
TEMP_6288208,Magic 暫存表,2,,N
TEMP_6289450,Magic 暫存表,6,,N
TEMP_6290068,Magic 暫存表,2,,N
TEMP_6290912,Magic 暫存表,4,,N
TEMP_6292079,Magic 暫存表,3,,N
TEMP_6294556,Magic 暫存表,2,,N
TEMP_6300984,Magic 暫存表,1,,N
TEMP_6303152,Magic 暫存表,2,,N
TEMP_6306296,Magic 暫存表,5,,N
TEMP_6308759,Magic 暫存表,2,,N
TEMP_6309300,Magic 暫存表,1,,N
TEMP_6310594,Magic 暫存表,7,,N
TEMP_6311784,Magic 暫存表,0,,N
TEMP_6313080,Magic 暫存表,5,,N
TEMP_6313574,Magic 暫存表,2,,N
TEMP_6316197,Magic 暫存表,7,,N
TEMP_6320496,Magic 暫存表,4,,N
TEMP_6322736,Magic 暫存表,2,,N
TEMP_6323646,Magic 暫存表,4,,N
TEMP_6323680,Magic 暫存表,4,,N
TEMP_6325134,Magic 暫存表,2,,N
TEMP_6326442,Magic 暫存表,3,,N
TEMP_6326750,Magic 暫存表,1,,N
TEMP_6327412,Magic 暫存表,3,,N
TEMP_6333680,Magic 暫存表,1,,N
TEMP_6336962,Magic 暫存表,0,,N
TEMP_6337392,Magic 暫存表,3,,N
TEMP_6338224,Magic 暫存表,2,,N
TEMP_6339264,Magic 暫存表,4,,N
TEMP_6345659,Magic 暫存表,1,,N
TEMP_6346045,Magic 暫存表,4,,N
TEMP_6346210,Magic 暫存表,6,,N
TEMP_6346224,Magic 暫存表,5,,N
TEMP_6347236,Magic 暫存表,1,,N
TEMP_6347955,Magic 暫存表,3,,N
TEMP_6349761,Magic 暫存表,3,,N
TEMP_6358560,Magic 暫存表,5,,N
TEMP_6358643,Magic 暫存表,3,,N
TEMP_6363070,Magic 暫存表,5,,N
TEMP_6368030,Magic 暫存表,7,,N
TEMP_6368272,Magic 暫存表,2,,N
TEMP_6369216,Magic 暫存表,7,,N
TEMP_6369556,Magic 暫存表,1,,N
TEMP_6371484,Magic 暫存表,7,,N
TEMP_6377823,Magic 暫存表,9,,N
TEMP_6378255,Magic 暫存表,10,,N
TEMP_6378944,Magic 暫存表,10,,N
TEMP_6387982,Magic 暫存表,3,,N
TEMP_6388790,Magic 暫存表,0,,N
TEMP_6397036,Magic 暫存表,1,,N
TEMP_6401224,Magic 暫存表,7,,N
TEMP_6403334,Magic 暫存表,4,,N
TEMP_6404883,Magic 暫存表,0,,N
TEMP_6407101,Magic 暫存表,4,,N
TEMP_6409596,Magic 暫存表,2,,N
TEMP_6410266,Magic 暫存表,6,,N
TEMP_6410982,Magic 暫存表,10,,N
TEMP_6412225,Magic 暫存表,3,,N
TEMP_6414162,Magic 暫存表,0,,N
TEMP_6415015,Magic 暫存表,6,,N
TEMP_6420000,Magic 暫存表,4,,N
TEMP_6437376,Magic 暫存表,3,,N
TEMP_6437399,Magic 暫存表,2,,N
TEMP_6440671,Magic 暫存表,5,,N
TEMP_6441235,Magic 暫存表,0,,N
TEMP_6442296,Magic 暫存表,2,,N
TEMP_6444118,Magic 暫存表,9,,N
TEMP_6444940,Magic 暫存表,1,,N
TEMP_6445933,Magic 暫存表,1,,N
TEMP_6447706,Magic 暫存表,7,,N
TEMP_6453004,Magic 暫存表,2,,N
TEMP_6454508,Magic 暫存表,3,,N
TEMP_6457336,Magic 暫存表,3,,N
TEMP_6462500,Magic 暫存表,6,,N
TEMP_6467886,Magic 暫存表,3,,N
TEMP_6469190,Magic 暫存表,2,,N
TEMP_6480064,Magic 暫存表,3,,N
TEMP_6480829,Magic 暫存表,2,,N
TEMP_6481030,Magic 暫存表,4,,N
TEMP_6485014,Magic 暫存表,0,,N
TEMP_6487172,Magic 暫存表,1,,N
TEMP_6488349,Magic 暫存表,2,,N
TEMP_6490600,Magic 暫存表,2,,N
TEMP_6490624,Magic 暫存表,3,,N
TEMP_6491056,Magic 暫存表,3,,N
TEMP_6491300,Magic 暫存表,2,,N
TEMP_6493556,Magic 暫存表,2,,N
TEMP_6494237,Magic 暫存表,1,,N
TEMP_6495360,Magic 暫存表,3,,N
TEMP_6495576,Magic 暫存表,5,,N
TEMP_6496999,Magic 暫存表,5,,N
TEMP_6497252,Magic 暫存表,2,,N
TEMP_6497468,Magic 暫存表,4,,N
TEMP_6498749,Magic 暫存表,2,,N
TEMP_6499408,Magic 暫存表,1,,N
TEMP_6500954,Magic 暫存表,4,,N
TEMP_6502596,Magic 暫存表,0,,N
TEMP_6502955,Magic 暫存表,3,,N
TEMP_6503416,Magic 暫存表,4,,N
TEMP_6505125,Magic 暫存表,4,,N
TEMP_6506200,Magic 暫存表,6,,N
TEMP_6506830,Magic 暫存表,2,,N
TEMP_6511662,Magic 暫存表,1,,N
TEMP_6511954,Magic 暫存表,4,,N
TEMP_6513784,Magic 暫存表,1,,N
TEMP_6515764,Magic 暫存表,4,,N
TEMP_6519104,Magic 暫存表,5,,N
TEMP_6522956,Magic 暫存表,7,,N
TEMP_6523400,Magic 暫存表,3,,N
TEMP_6523446,Magic 暫存表,4,,N
TEMP_6524272,Magic 暫存表,1,,N
TEMP_6524827,Magic 暫存表,2,,N
TEMP_6540707,Magic 暫存表,9,,N
TEMP_6548250,Magic 暫存表,7,,N
TEMP_6551132,Magic 暫存表,2,,N
TEMP_6551224,Magic 暫存表,4,,N
TEMP_6552730,Magic 暫存表,6,,N
TEMP_6552744,Magic 暫存表,1,,N
TEMP_6554039,Magic 暫存表,2,,N
TEMP_6562272,Magic 暫存表,4,,N
TEMP_6563690,Magic 暫存表,1,,N
TEMP_6571800,Magic 暫存表,4,,N
TEMP_6572272,Magic 暫存表,2,,N
TEMP_6572546,Magic 暫存表,0,,N
TEMP_6572992,Magic 暫存表,5,,N
TEMP_6575785,Magic 暫存表,6,,N
TEMP_6575921,Magic 暫存表,4,,N
TEMP_6578359,Magic 暫存表,6,,N
TEMP_6578671,Magic 暫存表,5,,N
TEMP_6579547,Magic 暫存表,1,,N
TEMP_6581050,Magic 暫存表,1,,N
TEMP_6583838,Magic 暫存表,0,,N
TEMP_6586376,Magic 暫存表,2,,N
TEMP_6588664,Magic 暫存表,6,,N
TEMP_6596476,Magic 暫存表,2,,N
TEMP_6596968,Magic 暫存表,3,,N
TEMP_6597092,Magic 暫存表,4,,N
TEMP_6599854,Magic 暫存表,4,,N
TEMP_6601448,Magic 暫存表,6,,N
TEMP_6602134,Magic 暫存表,3,,N
TEMP_6609496,Magic 暫存表,2,,N
TEMP_6609752,Magic 暫存表,2,,N
TEMP_6615413,Magic 暫存表,3,,N
TEMP_6616658,Magic 暫存表,3,,N
TEMP_6619090,Magic 暫存表,0,,N
TEMP_6619409,Magic 暫存表,2,,N
TEMP_6621908,Magic 暫存表,1,,N
TEMP_6628177,Magic 暫存表,1,,N
TEMP_6640475,Magic 暫存表,6,,N
TEMP_6641519,Magic 暫存表,2,,N
TEMP_6641560,Magic 暫存表,0,,N
TEMP_6641575,Magic 暫存表,7,,N
TEMP_6642271,Magic 暫存表,6,,N
TEMP_6647168,Magic 暫存表,1,,N
TEMP_6648154,Magic 暫存表,6,,N
TEMP_6649522,Magic 暫存表,2,,N
TEMP_6657719,Magic 暫存表,6,,N
TEMP_6672968,Magic 暫存表,0,,N
TEMP_6683152,Magic 暫存表,11,,N
TEMP_6690736,Magic 暫存表,8,,N
TEMP_6698921,Magic 暫存表,5,,N
TEMP_6703449,Magic 暫存表,3,,N
TEMP_6708640,Magic 暫存表,3,,N
TEMP_6710588,Magic 暫存表,2,,N
TEMP_6712662,Magic 暫存表,2,,N
TEMP_6713472,Magic 暫存表,1,,N
TEMP_6714880,Magic 暫存表,2,,N
TEMP_6715390,Magic 暫存表,7,,N
TEMP_6716917,Magic 暫存表,4,,N
TEMP_6721290,Magic 暫存表,2,,N
TEMP_6725454,Magic 暫存表,4,,N
TEMP_6726659,Magic 暫存表,7,,N
TEMP_6732384,Magic 暫存表,2,,N
TEMP_6732498,Magic 暫存表,6,,N
TEMP_6740592,Magic 暫存表,2,,N
TEMP_6750193,Magic 暫存表,4,,N
TEMP_6752389,Magic 暫存表,6,,N
TEMP_6752444,Magic 暫存表,6,,N
TEMP_6758404,Magic 暫存表,4,,N
TEMP_6759512,Magic 暫存表,8,,N
TEMP_6759704,Magic 暫存表,3,,N
TEMP_6762612,Magic 暫存表,2,,N
TEMP_6763296,Magic 暫存表,18,,N
TEMP_6763566,Magic 暫存表,4,,N
TEMP_6763736,Magic 暫存表,3,,N
TEMP_6764171,Magic 暫存表,7,,N
TEMP_6765616,Magic 暫存表,2,,N
TEMP_6766322,Magic 暫存表,1,,N
TEMP_6774256,Magic 暫存表,8,,N
TEMP_6775342,Magic 暫存表,2,,N
TEMP_6775990,Magic 暫存表,2,,N
TEMP_6779162,Magic 暫存表,4,,N
TEMP_6786442,Magic 暫存表,3,,N
TEMP_6786660,Magic 暫存表,12,,N
TEMP_6788716,Magic 暫存表,4,,N
TEMP_6789300,Magic 暫存表,5,,N
TEMP_6791315,Magic 暫存表,9,,N
TEMP_6793424,Magic 暫存表,2,,N
TEMP_6795126,Magic 暫存表,3,,N
TEMP_6810012,Magic 暫存表,10,,N
TEMP_6811152,Magic 暫存表,1,,N
TEMP_6815688,Magic 暫存表,3,,N
TEMP_6816572,Magic 暫存表,5,,N
TEMP_6819472,Magic 暫存表,2,,N
TEMP_6822419,Magic 暫存表,11,,N
TEMP_6823219,Magic 暫存表,1,,N
TEMP_6824933,Magic 暫存表,1,,N
TEMP_6825938,Magic 暫存表,8,,N
TEMP_6826644,Magic 暫存表,5,,N
TEMP_6827872,Magic 暫存表,2,,N
TEMP_6828592,Magic 暫存表,4,,N
TEMP_6829746,Magic 暫存表,11,,N
TEMP_6829836,Magic 暫存表,2,,N
TEMP_6842788,Magic 暫存表,3,,N
TEMP_6849267,Magic 暫存表,3,,N
TEMP_6850731,Magic 暫存表,7,,N
TEMP_6852845,Magic 暫存表,7,,N
TEMP_6852909,Magic 暫存表,3,,N
TEMP_6853344,Magic 暫存表,10,,N
TEMP_6855604,Magic 暫存表,1,,N
TEMP_6858937,Magic 暫存表,2,,N
TEMP_6862642,Magic 暫存表,2,,N
TEMP_6862646,Magic 暫存表,4,,N
TEMP_6868617,Magic 暫存表,1,,N
TEMP_6870503,Magic 暫存表,9,,N
TEMP_6870782,Magic 暫存表,1,,N
TEMP_6872848,Magic 暫存表,2,,N
TEMP_6873576,Magic 暫存表,2,,N
TEMP_6874891,Magic 暫存表,7,,N
TEMP_6876039,Magic 暫存表,3,,N
TEMP_6876954,Magic 暫存表,0,,N
TEMP_6879012,Magic 暫存表,4,,N
TEMP_6879642,Magic 暫存表,2,,N
TEMP_6884592,Magic 暫存表,6,,N
TEMP_6885754,Magic 暫存表,7,,N
TEMP_6887892,Magic 暫存表,11,,N
TEMP_6888146,Magic 暫存表,1,,N
TEMP_6890484,Magic 暫存表,1,,N
TEMP_6895207,Magic 暫存表,2,,N
TEMP_6895534,Magic 暫存表,5,,N
TEMP_6897163,Magic 暫存表,1,,N
TEMP_6898980,Magic 暫存表,4,,N
TEMP_6899532,Magic 暫存表,6,,N
TEMP_6900576,Magic 暫存表,10,,N
TEMP_6900740,Magic 暫存表,1,,N
TEMP_6902476,Magic 暫存表,2,,N
TEMP_6905826,Magic 暫存表,6,,N
TEMP_6906878,Magic 暫存表,4,,N
TEMP_6909632,Magic 暫存表,3,,N
TEMP_6915081,Magic 暫存表,1,,N
TEMP_6926146,Magic 暫存表,1,,N
TEMP_6928722,Magic 暫存表,0,,N
TEMP_6930670,Magic 暫存表,1,,N
TEMP_6931250,Magic 暫存表,8,,N
TEMP_6933246,Magic 暫存表,2,,N
TEMP_6937704,Magic 暫存表,6,,N
TEMP_6938904,Magic 暫存表,0,,N
TEMP_6941052,Magic 暫存表,1,,N
TEMP_6956116,Magic 暫存表,1,,N
TEMP_6956765,Magic 暫存表,3,,N
TEMP_6961236,Magic 暫存表,4,,N
TEMP_6965408,Magic 暫存表,2,,N
TEMP_6968486,Magic 暫存表,1,,N
TEMP_6968896,Magic 暫存表,0,,N
TEMP_6970217,Magic 暫存表,5,,N
TEMP_6973776,Magic 暫存表,6,,N
TEMP_6979040,Magic 暫存表,3,,N
TEMP_6979592,Magic 暫存表,4,,N
TEMP_6981637,Magic 暫存表,0,,N
TEMP_6983182,Magic 暫存表,3,,N
TEMP_6983480,Magic 暫存表,1,,N
TEMP_6984635,Magic 暫存表,2,,N
TEMP_6985759,Magic 暫存表,5,,N
TEMP_6989919,Magic 暫存表,7,,N
TEMP_6992454,Magic 暫存表,2,,N
TEMP_6992816,Magic 暫存表,1,,N
TEMP_6994280,Magic 暫存表,1,,N
TEMP_6996312,Magic 暫存表,5,,N
TEMP_6998910,Magic 暫存表,2,,N
TEMP_7000500,Magic 暫存表,3,,N
TEMP_7005000,Magic 暫存表,2,,N
TEMP_7008406,Magic 暫存表,2,,N
TEMP_7009750,Magic 暫存表,9,,N
TEMP_7013224,Magic 暫存表,3,,N
TEMP_7013658,Magic 暫存表,4,,N
TEMP_7017988,Magic 暫存表,4,,N
TEMP_7020061,Magic 暫存表,9,,N
TEMP_7020840,Magic 暫存表,7,,N
TEMP_7025343,Magic 暫存表,4,,N
TEMP_7027538,Magic 暫存表,2,,N
TEMP_7029496,Magic 暫存表,4,,N
TEMP_7029713,Magic 暫存表,1,,N
TEMP_7033079,Magic 暫存表,2,,N
TEMP_7033713,Magic 暫存表,2,,N
TEMP_7034256,Magic 暫存表,3,,N
TEMP_7039528,Magic 暫存表,4,,N
TEMP_7040174,Magic 暫存表,3,,N
TEMP_7040283,Magic 暫存表,5,,N
TEMP_7042591,Magic 暫存表,2,,N
TEMP_7043468,Magic 暫存表,1,,N
TEMP_7047092,Magic 暫存表,4,,N
TEMP_7048438,Magic 暫存表,1,,N
TEMP_7051658,Magic 暫存表,2,,N
TEMP_7055624,Magic 暫存表,3,,N
TEMP_7059762,Magic 暫存表,3,,N
TEMP_7061062,Magic 暫存表,7,,N
TEMP_7068342,Magic 暫存表,6,,N
TEMP_7070921,Magic 暫存表,3,,N
TEMP_7074072,Magic 暫存表,0,,N
TEMP_7075829,Magic 暫存表,2,,N
TEMP_7086268,Magic 暫存表,3,,N
TEMP_7086673,Magic 暫存表,4,,N
TEMP_7087156,Magic 暫存表,4,,N
TEMP_7088110,Magic 暫存表,4,,N
TEMP_7090352,Magic 暫存表,2,,N
TEMP_7094512,Magic 暫存表,2,,N
TEMP_7094705,Magic 暫存表,4,,N
TEMP_7096831,Magic 暫存表,3,,N
TEMP_7097727,Magic 暫存表,7,,N
TEMP_7097818,Magic 暫存表,5,,N
TEMP_7098304,Magic 暫存表,2,,N
TEMP_7099316,Magic 暫存表,2,,N
TEMP_7101942,Magic 暫存表,0,,N
TEMP_7105204,Magic 暫存表,1,,N
TEMP_7105336,Magic 暫存表,9,,N
TEMP_7105849,Magic 暫存表,0,,N
TEMP_7107095,Magic 暫存表,2,,N
TEMP_7108500,Magic 暫存表,4,,N
TEMP_7109107,Magic 暫存表,2,,N
TEMP_7110984,Magic 暫存表,5,,N
TEMP_7111207,Magic 暫存表,2,,N
TEMP_7112966,Magic 暫存表,0,,N
TEMP_7114796,Magic 暫存表,0,,N
TEMP_7117840,Magic 暫存表,5,,N
TEMP_7119544,Magic 暫存表,4,,N
TEMP_7125778,Magic 暫存表,0,,N
TEMP_7126383,Magic 暫存表,1,,N
TEMP_7127135,Magic 暫存表,2,,N
TEMP_7130700,Magic 暫存表,7,,N
TEMP_7133880,Magic 暫存表,3,,N
TEMP_7135535,Magic 暫存表,3,,N
TEMP_7137460,Magic 暫存表,2,,N
TEMP_7143376,Magic 暫存表,2,,N
TEMP_7144634,Magic 暫存表,2,,N
TEMP_7146624,Magic 暫存表,7,,N
TEMP_7146725,Magic 暫存表,7,,N
TEMP_7150282,Magic 暫存表,1,,N
TEMP_7154500,Magic 暫存表,7,,N
TEMP_7154526,Magic 暫存表,3,,N
TEMP_7156658,Magic 暫存表,1,,N
TEMP_7157322,Magic 暫存表,2,,N
TEMP_7158342,Magic 暫存表,6,,N
TEMP_7158532,Magic 暫存表,5,,N
TEMP_7160358,Magic 暫存表,3,,N
TEMP_7165120,Magic 暫存表,7,,N
TEMP_7167092,Magic 暫存表,8,,N
TEMP_7167428,Magic 暫存表,0,,N
TEMP_7169174,Magic 暫存表,4,,N
TEMP_7169454,Magic 暫存表,2,,N
TEMP_7170140,Magic 暫存表,0,,N
TEMP_7170190,Magic 暫存表,5,,N
TEMP_7170204,Magic 暫存表,0,,N
TEMP_7180842,Magic 暫存表,1,,N
TEMP_7181104,Magic 暫存表,3,,N
TEMP_7186680,Magic 暫存表,1,,N
TEMP_7188904,Magic 暫存表,4,,N
TEMP_7191810,Magic 暫存表,7,,N
TEMP_7195000,Magic 暫存表,6,,N
TEMP_7195590,Magic 暫存表,8,,N
TEMP_7199040,Magic 暫存表,1,,N
TEMP_7203810,Magic 暫存表,5,,N
TEMP_7208981,Magic 暫存表,4,,N
TEMP_7210162,Magic 暫存表,2,,N
TEMP_7211056,Magic 暫存表,4,,N
TEMP_7214725,Magic 暫存表,2,,N
TEMP_7217368,Magic 暫存表,2,,N
TEMP_7218816,Magic 暫存表,2,,N
TEMP_7219467,Magic 暫存表,2,,N
TEMP_7221164,Magic 暫存表,5,,N
TEMP_7221800,Magic 暫存表,4,,N
TEMP_7223882,Magic 暫存表,3,,N
TEMP_7228144,Magic 暫存表,4,,N
TEMP_7236297,Magic 暫存表,4,,N
TEMP_7237588,Magic 暫存表,2,,N
TEMP_7239038,Magic 暫存表,3,,N
TEMP_7239196,Magic 暫存表,3,,N
TEMP_7239461,Magic 暫存表,2,,N
TEMP_7253004,Magic 暫存表,2,,N
TEMP_7256692,Magic 暫存表,1,,N
TEMP_7256875,Magic 暫存表,3,,N
TEMP_7258449,Magic 暫存表,4,,N
TEMP_7261804,Magic 暫存表,6,,N
TEMP_7273126,Magic 暫存表,5,,N
TEMP_7273384,Magic 暫存表,0,,N
TEMP_7278342,Magic 暫存表,1,,N
TEMP_7279278,Magic 暫存表,0,,N
TEMP_7287560,Magic 暫存表,3,,N
TEMP_7287786,Magic 暫存表,4,,N
TEMP_7292042,Magic 暫存表,1,,N
TEMP_7295032,Magic 暫存表,4,,N
TEMP_7297066,Magic 暫存表,4,,N
TEMP_7307296,Magic 暫存表,8,,N
TEMP_7308112,Magic 暫存表,1,,N
TEMP_7316380,Magic 暫存表,3,,N
TEMP_7318172,Magic 暫存表,1,,N
TEMP_7322246,Magic 暫存表,4,,N
TEMP_7322392,Magic 暫存表,5,,N
TEMP_7323400,Magic 暫存表,9,,N
TEMP_7323736,Magic 暫存表,2,,N
TEMP_7324446,Magic 暫存表,4,,N
TEMP_7326744,Magic 暫存表,11,,N
TEMP_7328162,Magic 暫存表,2,,N
TEMP_7333704,Magic 暫存表,2,,N
TEMP_7335302,Magic 暫存表,3,,N
TEMP_7336148,Magic 暫存表,2,,N
TEMP_7337484,Magic 暫存表,2,,N
TEMP_7340704,Magic 暫存表,5,,N
TEMP_7345033,Magic 暫存表,2,,N
TEMP_7345296,Magic 暫存表,6,,N
TEMP_7345824,Magic 暫存表,3,,N
TEMP_7347324,Magic 暫存表,2,,N
TEMP_7347492,Magic 暫存表,3,,N
TEMP_7347744,Magic 暫存表,2,,N
TEMP_7349516,Magic 暫存表,8,,N
TEMP_7356889,Magic 暫存表,3,,N
TEMP_7357676,Magic 暫存表,10,,N
TEMP_7359391,Magic 暫存表,2,,N
TEMP_7362083,Magic 暫存表,2,,N
TEMP_7362968,Magic 暫存表,1,,N
TEMP_7363324,Magic 暫存表,2,,N
TEMP_7363796,Magic 暫存表,5,,N
TEMP_7365738,Magic 暫存表,2,,N
TEMP_7367100,Magic 暫存表,4,,N
TEMP_7369158,Magic 暫存表,1,,N
TEMP_7372618,Magic 暫存表,1,,N
TEMP_7378007,Magic 暫存表,4,,N
TEMP_7378704,Magic 暫存表,4,,N
TEMP_7382770,Magic 暫存表,4,,N
TEMP_7386694,Magic 暫存表,2,,N
TEMP_7387315,Magic 暫存表,2,,N
TEMP_7387792,Magic 暫存表,2,,N
TEMP_7394160,Magic 暫存表,1,,N
TEMP_7397896,Magic 暫存表,4,,N
TEMP_7401524,Magic 暫存表,3,,N
TEMP_7401982,Magic 暫存表,5,,N
TEMP_7407000,Magic 暫存表,5,,N
TEMP_7407375,Magic 暫存表,4,,N
TEMP_7416560,Magic 暫存表,3,,N
TEMP_7418256,Magic 暫存表,5,,N
TEMP_7418357,Magic 暫存表,11,,N
TEMP_7421790,Magic 暫存表,6,,N
TEMP_7422703,Magic 暫存表,3,,N
TEMP_7424500,Magic 暫存表,6,,N
TEMP_7425143,Magic 暫存表,8,,N
TEMP_7425272,Magic 暫存表,1,,N
TEMP_7427382,Magic 暫存表,2,,N
TEMP_7431634,Magic 暫存表,5,,N
TEMP_7433118,Magic 暫存表,1,,N
TEMP_7436746,Magic 暫存表,4,,N
TEMP_7438232,Magic 暫存表,2,,N
TEMP_7440234,Magic 暫存表,2,,N
TEMP_7442534,Magic 暫存表,1,,N
TEMP_7443591,Magic 暫存表,2,,N
TEMP_7446000,Magic 暫存表,0,,N
TEMP_7450625,Magic 暫存表,2,,N
TEMP_7451411,Magic 暫存表,3,,N
TEMP_7451868,Magic 暫存表,8,,N
TEMP_7456294,Magic 暫存表,3,,N
TEMP_7457842,Magic 暫存表,5,,N
TEMP_7460042,Magic 暫存表,1,,N
TEMP_7461674,Magic 暫存表,7,,N
TEMP_7468954,Magic 暫存表,3,,N
TEMP_7470213,Magic 暫存表,3,,N
TEMP_7472204,Magic 暫存表,2,,N
TEMP_7475092,Magic 暫存表,3,,N
TEMP_7476300,Magic 暫存表,2,,N
TEMP_7477118,Magic 暫存表,10,,N
TEMP_7478534,Magic 暫存表,7,,N
TEMP_7479682,Magic 暫存表,3,,N
TEMP_7480896,Magic 暫存表,2,,N
TEMP_7482996,Magic 暫存表,5,,N
TEMP_7484158,Magic 暫存表,4,,N
TEMP_7488912,Magic 暫存表,3,,N
TEMP_7491632,Magic 暫存表,3,,N
TEMP_7493981,Magic 暫存表,2,,N
TEMP_7496092,Magic 暫存表,3,,N
TEMP_7498449,Magic 暫存表,3,,N
TEMP_7503256,Magic 暫存表,2,,N
TEMP_7525306,Magic 暫存表,4,,N
TEMP_7526296,Magic 暫存表,3,,N
TEMP_7528924,Magic 暫存表,2,,N
TEMP_7530928,Magic 暫存表,4,,N
TEMP_7538384,Magic 暫存表,4,,N
TEMP_7539421,Magic 暫存表,1,,N
TEMP_7547554,Magic 暫存表,0,,N
TEMP_7549312,Magic 暫存表,9,,N
TEMP_7554730,Magic 暫存表,6,,N
TEMP_7557848,Magic 暫存表,2,,N
TEMP_7568124,Magic 暫存表,0,,N
TEMP_7568841,Magic 暫存表,2,,N
TEMP_7570124,Magic 暫存表,2,,N
TEMP_7574415,Magic 暫存表,10,,N
TEMP_7575112,Magic 暫存表,2,,N
TEMP_7575156,Magic 暫存表,0,,N
TEMP_7575376,Magic 暫存表,2,,N
TEMP_7578410,Magic 暫存表,13,,N
TEMP_7579382,Magic 暫存表,2,,N
TEMP_7579618,Magic 暫存表,0,,N
TEMP_7580177,Magic 暫存表,9,,N
TEMP_7581719,Magic 暫存表,1,,N
TEMP_7584782,Magic 暫存表,4,,N
TEMP_7586688,Magic 暫存表,7,,N
TEMP_7590836,Magic 暫存表,7,,N
TEMP_7595254,Magic 暫存表,9,,N
TEMP_7595381,Magic 暫存表,3,,N
TEMP_7596169,Magic 暫存表,2,,N
TEMP_7610585,Magic 暫存表,8,,N
TEMP_7610844,Magic 暫存表,14,,N
TEMP_7610954,Magic 暫存表,1,,N
TEMP_7613256,Magic 暫存表,3,,N
TEMP_7613712,Magic 暫存表,0,,N
TEMP_7615610,Magic 暫存表,7,,N
TEMP_7616563,Magic 暫存表,1,,N
TEMP_7628342,Magic 暫存表,2,,N
TEMP_7634864,Magic 暫存表,4,,N
TEMP_7636560,Magic 暫存表,2,,N
TEMP_7638734,Magic 暫存表,3,,N
TEMP_7641171,Magic 暫存表,12,,N
TEMP_7646512,Magic 暫存表,1,,N
TEMP_7646829,Magic 暫存表,0,,N
TEMP_7647910,Magic 暫存表,1,,N
TEMP_7654150,Magic 暫存表,1,,N
TEMP_7655296,Magic 暫存表,5,,N
TEMP_7656940,Magic 暫存表,1,,N
TEMP_7658330,Magic 暫存表,5,,N
TEMP_7658754,Magic 暫存表,3,,N
TEMP_7661068,Magic 暫存表,6,,N
TEMP_7662296,Magic 暫存表,8,,N
TEMP_7662304,Magic 暫存表,2,,N
TEMP_7662352,Magic 暫存表,3,,N
TEMP_7665571,Magic 暫存表,2,,N
TEMP_7672592,Magic 暫存表,4,,N
TEMP_7675316,Magic 暫存表,5,,N
TEMP_7675796,Magic 暫存表,3,,N
TEMP_7676490,Magic 暫存表,0,,N
TEMP_7678682,Magic 暫存表,3,,N
TEMP_7681200,Magic 暫存表,0,,N
TEMP_7682096,Magic 暫存表,0,,N
TEMP_7682516,Magic 暫存表,4,,N
TEMP_7682700,Magic 暫存表,2,,N
TEMP_7688073,Magic 暫存表,2,,N
TEMP_7688829,Magic 暫存表,0,,N
TEMP_7692760,Magic 暫存表,5,,N
TEMP_7693496,Magic 暫存表,2,,N
TEMP_7694772,Magic 暫存表,1,,N
TEMP_7696114,Magic 暫存表,3,,N
TEMP_7698512,Magic 暫存表,0,,N
TEMP_7699344,Magic 暫存表,0,,N
TEMP_7702304,Magic 暫存表,4,,N
TEMP_7702360,Magic 暫存表,2,,N
TEMP_7703454,Magic 暫存表,0,,N
TEMP_7703472,Magic 暫存表,1,,N
TEMP_7707527,Magic 暫存表,5,,N
TEMP_7707796,Magic 暫存表,0,,N
TEMP_7708704,Magic 暫存表,8,,N
TEMP_7713351,Magic 暫存表,5,,N
TEMP_7718201,Magic 暫存表,2,,N
TEMP_7719908,Magic 暫存表,1,,N
TEMP_7721233,Magic 暫存表,10,,N
TEMP_7723087,Magic 暫存表,4,,N
TEMP_7723903,Magic 暫存表,3,,N
TEMP_7725880,Magic 暫存表,2,,N
TEMP_7732896,Magic 暫存表,3,,N
TEMP_7734500,Magic 暫存表,2,,N
TEMP_7736580,Magic 暫存表,5,,N
TEMP_7737744,Magic 暫存表,2,,N
TEMP_7738124,Magic 暫存表,9,,N
TEMP_7741494,Magic 暫存表,1,,N
TEMP_7746732,Magic 暫存表,3,,N
TEMP_7747482,Magic 暫存表,4,,N
TEMP_7750949,Magic 暫存表,3,,N
TEMP_7754600,Magic 暫存表,3,,N
TEMP_7761440,Magic 暫存表,1,,N
TEMP_7765600,Magic 暫存表,2,,N
TEMP_7765780,Magic 暫存表,3,,N
TEMP_7772125,Magic 暫存表,7,,N
TEMP_7773857,Magic 暫存表,2,,N
TEMP_7775003,Magic 暫存表,14,,N
TEMP_7782518,Magic 暫存表,2,,N
TEMP_7784354,Magic 暫存表,6,,N
TEMP_7787468,Magic 暫存表,5,,N
TEMP_7788904,Magic 暫存表,0,,N
TEMP_7789520,Magic 暫存表,2,,N
TEMP_7790339,Magic 暫存表,5,,N
TEMP_7794328,Magic 暫存表,5,,N
TEMP_7798304,Magic 暫存表,2,,N
TEMP_7800000,Magic 暫存表,6,,N
TEMP_7800688,Magic 暫存表,1,,N
TEMP_7800752,Magic 暫存表,2,,N
TEMP_7805090,Magic 暫存表,6,,N
TEMP_7814276,Magic 暫存表,2,,N
TEMP_7814287,Magic 暫存表,2,,N
TEMP_7822750,Magic 暫存表,5,,N
TEMP_7827762,Magic 暫存表,7,,N
TEMP_7833454,Magic 暫存表,3,,N
TEMP_7835472,Magic 暫存表,5,,N
TEMP_7839616,Magic 暫存表,2,,N
TEMP_7840600,Magic 暫存表,3,,N
TEMP_7842843,Magic 暫存表,4,,N
TEMP_7843700,Magic 暫存表,5,,N
TEMP_7844910,Magic 暫存表,5,,N
TEMP_7850962,Magic 暫存表,2,,N
TEMP_7852987,Magic 暫存表,6,,N
TEMP_7859226,Magic 暫存表,1,,N
TEMP_7865000,Magic 暫存表,3,,N
TEMP_7865880,Magic 暫存表,9,,N
TEMP_7867695,Magic 暫存表,5,,N
TEMP_7867725,Magic 暫存表,2,,N
TEMP_7867762,Magic 暫存表,4,,N
TEMP_7877664,Magic 暫存表,7,,N
TEMP_7878542,Magic 暫存表,4,,N
TEMP_7880927,Magic 暫存表,1,,N
TEMP_7881534,Magic 暫存表,0,,N
TEMP_7882858,Magic 暫存表,6,,N
TEMP_7883719,Magic 暫存表,1,,N
TEMP_7906611,Magic 暫存表,3,,N
TEMP_7911560,Magic 暫存表,8,,N
TEMP_7915260,Magic 暫存表,1,,N
TEMP_7921294,Magic 暫存表,4,,N
TEMP_7921467,Magic 暫存表,3,,N
TEMP_7923788,Magic 暫存表,2,,N
TEMP_7926696,Magic 暫存表,5,,N
TEMP_7929842,Magic 暫存表,4,,N
TEMP_7937070,Magic 暫存表,2,,N
TEMP_7937500,Magic 暫存表,5,,N
TEMP_7939652,Magic 暫存表,2,,N
TEMP_7940000,Magic 暫存表,2,,N
TEMP_7941786,Magic 暫存表,8,,N
TEMP_7943064,Magic 暫存表,3,,N
TEMP_7948979,Magic 暫存表,0,,N
TEMP_7949000,Magic 暫存表,3,,N
TEMP_7950535,Magic 暫存表,0,,N
TEMP_7951628,Magic 暫存表,0,,N
TEMP_7953385,Magic 暫存表,2,,N
TEMP_7953546,Magic 暫存表,3,,N
TEMP_7956250,Magic 暫存表,12,,N
TEMP_7960150,Magic 暫存表,1,,N
TEMP_7965504,Magic 暫存表,1,,N
TEMP_7965892,Magic 暫存表,4,,N
TEMP_7974264,Magic 暫存表,7,,N
TEMP_7975759,Magic 暫存表,4,,N
TEMP_7977382,Magic 暫存表,2,,N
TEMP_7979456,Magic 暫存表,3,,N
TEMP_7981500,Magic 暫存表,4,,N
TEMP_7985000,Magic 暫存表,2,,N
TEMP_7985386,Magic 暫存表,3,,N
TEMP_7989252,Magic 暫存表,2,,N
TEMP_7990719,Magic 暫存表,3,,N
TEMP_7992176,Magic 暫存表,8,,N
TEMP_7995356,Magic 暫存表,11,,N
TEMP_7998252,Magic 暫存表,2,,N
TEMP_8000306,Magic 暫存表,7,,N
TEMP_8000644,Magic 暫存表,4,,N
TEMP_8001678,Magic 暫存表,1,,N
TEMP_8001810,Magic 暫存表,0,,N
TEMP_8006500,Magic 暫存表,2,,N
TEMP_8008240,Magic 暫存表,8,,N
TEMP_8008513,Magic 暫存表,4,,N
TEMP_8013424,Magic 暫存表,1,,N
TEMP_8014408,Magic 暫存表,1,,N
TEMP_8016409,Magic 暫存表,3,,N
TEMP_8017616,Magic 暫存表,5,,N
TEMP_8017680,Magic 暫存表,3,,N
TEMP_8026387,Magic 暫存表,0,,N
TEMP_8026514,Magic 暫存表,1,,N
TEMP_8028272,Magic 暫存表,3,,N
TEMP_8031904,Magic 暫存表,6,,N
TEMP_8032469,Magic 暫存表,1,,N
TEMP_8034454,Magic 暫存表,10,,N
TEMP_8037304,Magic 暫存表,1,,N
TEMP_8037902,Magic 暫存表,3,,N
TEMP_8038502,Magic 暫存表,1,,N
TEMP_8040504,Magic 暫存表,0,,N
TEMP_8044610,Magic 暫存表,4,,N
TEMP_8047448,Magic 暫存表,3,,N
TEMP_8048612,Magic 暫存表,5,,N
TEMP_8056293,Magic 暫存表,4,,N
TEMP_8058184,Magic 暫存表,5,,N
TEMP_8060706,Magic 暫存表,4,,N
TEMP_8069783,Magic 暫存表,1,,N
TEMP_8072305,Magic 暫存表,2,,N
TEMP_8072920,Magic 暫存表,2,,N
TEMP_8075382,Magic 暫存表,2,,N
TEMP_8080704,Magic 暫存表,2,,N
TEMP_8083012,Magic 暫存表,4,,N
TEMP_8084628,Magic 暫存表,0,,N
TEMP_8084668,Magic 暫存表,1,,N
TEMP_8085592,Magic 暫存表,1,,N
TEMP_8091924,Magic 暫存表,2,,N
TEMP_8092047,Magic 暫存表,4,,N
TEMP_8095217,Magic 暫存表,1,,N
TEMP_8095330,Magic 暫存表,6,,N
TEMP_8101204,Magic 暫存表,2,,N
TEMP_8104480,Magic 暫存表,2,,N
TEMP_8104704,Magic 暫存表,3,,N
TEMP_8105029,Magic 暫存表,2,,N
TEMP_8108704,Magic 暫存表,4,,N
TEMP_8109820,Magic 暫存表,4,,N
TEMP_8117836,Magic 暫存表,4,,N
TEMP_8118396,Magic 暫存表,0,,N
TEMP_8125692,Magic 暫存表,17,,N
TEMP_8126928,Magic 暫存表,2,,N
TEMP_8127728,Magic 暫存表,2,,N
TEMP_8130606,Magic 暫存表,4,,N
TEMP_8137500,Magic 暫存表,6,,N
TEMP_8140253,Magic 暫存表,7,,N
TEMP_8141875,Magic 暫存表,1,,N
TEMP_8146342,Magic 暫存表,0,,N
TEMP_8154142,Magic 暫存表,3,,N
TEMP_8154830,Magic 暫存表,4,,N
TEMP_8156104,Magic 暫存表,1,,N
TEMP_8157616,Magic 暫存表,1,,N
TEMP_8158796,Magic 暫存表,4,,N
TEMP_8159528,Magic 暫存表,3,,N
TEMP_8163608,Magic 暫存表,0,,N
TEMP_8165640,Magic 暫存表,3,,N
TEMP_8165647,Magic 暫存表,1,,N
TEMP_8166250,Magic 暫存表,6,,N
TEMP_8166752,Magic 暫存表,4,,N
TEMP_8167954,Magic 暫存表,4,,N
TEMP_8168240,Magic 暫存表,3,,N
TEMP_8170064,Magic 暫存表,6,,N
TEMP_8182342,Magic 暫存表,4,,N
TEMP_8183079,Magic 暫存表,3,,N
TEMP_8187940,Magic 暫存表,6,,N
TEMP_8191480,Magic 暫存表,6,,N
TEMP_8194152,Magic 暫存表,0,,N
TEMP_8196132,Magic 暫存表,9,,N
TEMP_8196960,Magic 暫存表,0,,N
TEMP_8197400,Magic 暫存表,3,,N
TEMP_8197656,Magic 暫存表,6,,N
TEMP_8200336,Magic 暫存表,2,,N
TEMP_8204695,Magic 暫存表,3,,N
TEMP_8205400,Magic 暫存表,2,,N
TEMP_8205806,Magic 暫存表,1,,N
TEMP_8206234,Magic 暫存表,1,,N
TEMP_8207092,Magic 暫存表,3,,N
TEMP_8211980,Magic 暫存表,4,,N
TEMP_8226296,Magic 暫存表,3,,N
TEMP_8229548,Magic 暫存表,3,,N
TEMP_8233500,Magic 暫存表,0,,N
TEMP_8240007,Magic 暫存表,1,,N
TEMP_8247084,Magic 暫存表,7,,N
TEMP_8247204,Magic 暫存表,3,,N
TEMP_8251705,Magic 暫存表,5,,N
TEMP_8256824,Magic 暫存表,1,,N
TEMP_8257602,Magic 暫存表,2,,N
TEMP_8264196,Magic 暫存表,2,,N
TEMP_8267088,Magic 暫存表,2,,N
TEMP_8268133,Magic 暫存表,5,,N
TEMP_8272092,Magic 暫存表,0,,N
TEMP_8278872,Magic 暫存表,2,,N
TEMP_8281440,Magic 暫存表,4,,N
TEMP_8284390,Magic 暫存表,3,,N
TEMP_8287602,Magic 暫存表,2,,N
TEMP_8287955,Magic 暫存表,4,,N
TEMP_8290272,Magic 暫存表,3,,N
TEMP_8293716,Magic 暫存表,2,,N
TEMP_8298476,Magic 暫存表,6,,N
TEMP_8300506,Magic 暫存表,4,,N
TEMP_8304256,Magic 暫存表,0,,N
TEMP_8310256,Magic 暫存表,2,,N
TEMP_8311380,Magic 暫存表,1,,N
TEMP_8314150,Magic 暫存表,4,,N
TEMP_8315520,Magic 暫存表,1,,N
TEMP_8317463,Magic 暫存表,1,,N
TEMP_8329620,Magic 暫存表,3,,N
TEMP_8331856,Magic 暫存表,7,,N
TEMP_8333168,Magic 暫存表,4,,N
TEMP_8333796,Magic 暫存表,2,,N
TEMP_8334146,Magic 暫存表,4,,N
TEMP_8334300,Magic 暫存表,3,,N
TEMP_8342272,Magic 暫存表,7,,N
TEMP_8342936,Magic 暫存表,7,,N
TEMP_8343016,Magic 暫存表,1,,N
TEMP_8349460,Magic 暫存表,1,,N
TEMP_8350484,Magic 暫存表,9,,N
TEMP_8357984,Magic 暫存表,5,,N
TEMP_8362086,Magic 暫存表,1,,N
TEMP_8363556,Magic 暫存表,3,,N
TEMP_8365216,Magic 暫存表,2,,N
TEMP_8365342,Magic 暫存表,2,,N
TEMP_8366975,Magic 暫存表,4,,N
TEMP_8371296,Magic 暫存表,8,,N
TEMP_8372704,Magic 暫存表,5,,N
TEMP_8374128,Magic 暫存表,2,,N
TEMP_8376663,Magic 暫存表,2,,N
TEMP_8378442,Magic 暫存表,5,,N
TEMP_8379034,Magic 暫存表,6,,N
TEMP_8379480,Magic 暫存表,1,,N
TEMP_8382716,Magic 暫存表,4,,N
TEMP_8384824,Magic 暫存表,4,,N
TEMP_8391616,Magic 暫存表,0,,N
TEMP_8391968,Magic 暫存表,5,,N
TEMP_8397952,Magic 暫存表,5,,N
TEMP_8404784,Magic 暫存表,1,,N
TEMP_8404966,Magic 暫存表,2,,N
TEMP_8406032,Magic 暫存表,6,,N
TEMP_8407146,Magic 暫存表,1,,N
TEMP_8410730,Magic 暫存表,2,,N
TEMP_8420517,Magic 暫存表,2,,N
TEMP_8425665,Magic 暫存表,2,,N
TEMP_8426124,Magic 暫存表,7,,N
TEMP_8427975,Magic 暫存表,2,,N
TEMP_8428117,Magic 暫存表,1,,N
TEMP_8429223,Magic 暫存表,5,,N
TEMP_8430564,Magic 暫存表,2,,N
TEMP_8431080,Magic 暫存表,4,,N
TEMP_8431829,Magic 暫存表,5,,N
TEMP_8432829,Magic 暫存表,4,,N
TEMP_8435851,Magic 暫存表,6,,N
TEMP_8437672,Magic 暫存表,9,,N
TEMP_8438256,Magic 暫存表,2,,N
TEMP_8438548,Magic 暫存表,1,,N
TEMP_8442879,Magic 暫存表,9,,N
TEMP_8444397,Magic 暫存表,8,,N
TEMP_8445844,Magic 暫存表,1,,N
TEMP_8446704,Magic 暫存表,2,,N
TEMP_8450319,Magic 暫存表,6,,N
TEMP_8452656,Magic 暫存表,10,,N
TEMP_8455324,Magic 暫存表,2,,N
TEMP_8462300,Magic 暫存表,1,,N
TEMP_8463562,Magic 暫存表,2,,N
TEMP_8469044,Magic 暫存表,5,,N
TEMP_8473136,Magic 暫存表,3,,N
TEMP_8480784,Magic 暫存表,4,,N
TEMP_8483738,Magic 暫存表,4,,N
TEMP_8484375,Magic 暫存表,2,,N
TEMP_8486666,Magic 暫存表,6,,N
TEMP_8487214,Magic 暫存表,4,,N
TEMP_8488904,Magic 暫存表,5,,N
TEMP_8489490,Magic 暫存表,3,,N
TEMP_8491052,Magic 暫存表,0,,N
TEMP_8503660,Magic 暫存表,6,,N
TEMP_8507829,Magic 暫存表,3,,N
TEMP_8510144,Magic 暫存表,6,,N
TEMP_8510477,Magic 暫存表,3,,N
TEMP_8511592,Magic 暫存表,4,,N
TEMP_8513105,Magic 暫存表,3,,N
TEMP_8514206,Magic 暫存表,0,,N
TEMP_8517986,Magic 暫存表,1,,N
TEMP_8519296,Magic 暫存表,11,,N
TEMP_8521480,Magic 暫存表,4,,N
TEMP_8524777,Magic 暫存表,4,,N
TEMP_8528640,Magic 暫存表,3,,N
TEMP_8532579,Magic 暫存表,3,,N
TEMP_8532674,Magic 暫存表,8,,N
TEMP_8539708,Magic 暫存表,3,,N
TEMP_8540530,Magic 暫存表,5,,N
TEMP_8540600,Magic 暫存表,2,,N
TEMP_8550736,Magic 暫存表,1,,N
TEMP_8553512,Magic 暫存表,2,,N
TEMP_8557248,Magic 暫存表,3,,N
TEMP_8557646,Magic 暫存表,2,,N
TEMP_8559424,Magic 暫存表,3,,N
TEMP_8562708,Magic 暫存表,0,,N
TEMP_8563740,Magic 暫存表,3,,N
TEMP_8571784,Magic 暫存表,2,,N
TEMP_8574855,Magic 暫存表,3,,N
TEMP_8576894,Magic 暫存表,3,,N
TEMP_8577887,Magic 暫存表,1,,N
TEMP_8580482,Magic 暫存表,3,,N
TEMP_8582875,Magic 暫存表,5,,N
TEMP_8585900,Magic 暫存表,1,,N
TEMP_8602810,Magic 暫存表,3,,N
TEMP_8603296,Magic 暫存表,1,,N
TEMP_8603748,Magic 暫存表,4,,N
TEMP_8605789,Magic 暫存表,2,,N
TEMP_8611480,Magic 暫存表,7,,N
TEMP_8612933,Magic 暫存表,2,,N
TEMP_8614762,Magic 暫存表,0,,N
TEMP_8623880,Magic 暫存表,3,,N
TEMP_8626404,Magic 暫存表,1,,N
TEMP_8632396,Magic 暫存表,2,,N
TEMP_8640632,Magic 暫存表,4,,N
TEMP_8648482,Magic 暫存表,4,,N
TEMP_8650624,Magic 暫存表,4,,N
TEMP_8653135,Magic 暫存表,6,,N
TEMP_8654317,Magic 暫存表,5,,N
TEMP_8654483,Magic 暫存表,3,,N
TEMP_8654592,Magic 暫存表,2,,N
TEMP_8657018,Magic 暫存表,3,,N
TEMP_8660334,Magic 暫存表,1,,N
TEMP_8661415,Magic 暫存表,9,,N
TEMP_8666124,Magic 暫存表,11,,N
TEMP_8667100,Magic 暫存表,8,,N
TEMP_8670141,Magic 暫存表,1,,N
TEMP_8679579,Magic 暫存表,1,,N
TEMP_8680970,Magic 暫存表,4,,N
TEMP_8682954,Magic 暫存表,5,,N
TEMP_8685162,Magic 暫存表,0,,N
TEMP_8685734,Magic 暫存表,1,,N
TEMP_8687720,Magic 暫存表,4,,N
TEMP_8691616,Magic 暫存表,1,,N
TEMP_8692075,Magic 暫存表,3,,N
TEMP_8693658,Magic 暫存表,2,,N
TEMP_8694436,Magic 暫存表,4,,N
TEMP_8696512,Magic 暫存表,1,,N
TEMP_8698880,Magic 暫存表,1,,N
TEMP_8698920,Magic 暫存表,2,,N
TEMP_8703100,Magic 暫存表,1,,N
TEMP_8704605,Magic 暫存表,3,,N
TEMP_8705547,Magic 暫存表,5,,N
TEMP_8706776,Magic 暫存表,5,,N
TEMP_8707408,Magic 暫存表,1,,N
TEMP_8709341,Magic 暫存表,2,,N
TEMP_8711943,Magic 暫存表,1,,N
TEMP_8712319,Magic 暫存表,5,,N
TEMP_8713646,Magic 暫存表,2,,N
TEMP_8715456,Magic 暫存表,3,,N
TEMP_8719876,Magic 暫存表,2,,N
TEMP_8721298,Magic 暫存表,2,,N
TEMP_8722046,Magic 暫存表,4,,N
TEMP_8722532,Magic 暫存表,7,,N
TEMP_8724448,Magic 暫存表,5,,N
TEMP_8727650,Magic 暫存表,3,,N
TEMP_8732848,Magic 暫存表,2,,N
TEMP_8733824,Magic 暫存表,5,,N
TEMP_8734592,Magic 暫存表,4,,N
TEMP_8745252,Magic 暫存表,6,,N
TEMP_8751000,Magic 暫存表,1,,N
TEMP_8751268,Magic 暫存表,4,,N
TEMP_8754276,Magic 暫存表,3,,N
TEMP_8760206,Magic 暫存表,1,,N
TEMP_8761649,Magic 暫存表,0,,N
TEMP_8762064,Magic 暫存表,5,,N
TEMP_8770300,Magic 暫存表,0,,N
TEMP_8770924,Magic 暫存表,6,,N
TEMP_8771649,Magic 暫存表,1,,N
TEMP_8777344,Magic 暫存表,5,,N
TEMP_8782643,Magic 暫存表,3,,N
TEMP_8783719,Magic 暫存表,0,,N
TEMP_8784592,Magic 暫存表,2,,N
TEMP_8785546,Magic 暫存表,0,,N
TEMP_8787573,Magic 暫存表,7,,N
TEMP_8790096,Magic 暫存表,8,,N
TEMP_8793178,Magic 暫存表,1,,N
TEMP_8793342,Magic 暫存表,11,,N
TEMP_8793376,Magic 暫存表,3,,N
TEMP_8801702,Magic 暫存表,3,,N
TEMP_8803938,Magic 暫存表,3,,N
TEMP_8806481,Magic 暫存表,4,,N
TEMP_8806984,Magic 暫存表,13,,N
TEMP_8809858,Magic 暫存表,8,,N
TEMP_8812240,Magic 暫存表,8,,N
TEMP_8822382,Magic 暫存表,2,,N
TEMP_8829038,Magic 暫存表,4,,N
TEMP_8831262,Magic 暫存表,3,,N
TEMP_8831612,Magic 暫存表,12,,N
TEMP_8835297,Magic 暫存表,3,,N
TEMP_8836580,Magic 暫存表,7,,N
TEMP_8839324,Magic 暫存表,2,,N
TEMP_8845204,Magic 暫存表,2,,N
TEMP_8845659,Magic 暫存表,0,,N
TEMP_8849262,Magic 暫存表,3,,N
TEMP_8849375,Magic 暫存表,6,,N
TEMP_8852046,Magic 暫存表,4,,N
TEMP_8852126,Magic 暫存表,4,,N
TEMP_8853836,Magic 暫存表,6,,N
TEMP_8854572,Magic 暫存表,1,,N
TEMP_8856112,Magic 暫存表,4,,N
TEMP_8859488,Magic 暫存表,1,,N
TEMP_8862704,Magic 暫存表,4,,N
TEMP_8863362,Magic 暫存表,2,,N
TEMP_8864954,Magic 暫存表,2,,N
TEMP_8866412,Magic 暫存表,1,,N
TEMP_8870204,Magic 暫存表,0,,N
TEMP_8870546,Magic 暫存表,0,,N
TEMP_8873784,Magic 暫存表,1,,N
TEMP_8874109,Magic 暫存表,5,,N
TEMP_8876822,Magic 暫存表,4,,N
TEMP_8878453,Magic 暫存表,7,,N
TEMP_8878782,Magic 暫存表,2,,N
TEMP_8886000,Magic 暫存表,8,,N
TEMP_8887537,Magic 暫存表,8,,N
TEMP_8890015,Magic 暫存表,17,,N
TEMP_8890144,Magic 暫存表,3,,N
TEMP_8891466,Magic 暫存表,1,,N
TEMP_8901121,Magic 暫存表,5,,N
TEMP_8903830,Magic 暫存表,2,,N
TEMP_8904384,Magic 暫存表,4,,N
TEMP_8911680,Magic 暫存表,3,,N
TEMP_8915600,Magic 暫存表,6,,N
TEMP_8917016,Magic 暫存表,3,,N
TEMP_8921916,Magic 暫存表,12,,N
TEMP_8924000,Magic 暫存表,2,,N
TEMP_8924384,Magic 暫存表,5,,N
TEMP_8925256,Magic 暫存表,0,,N
TEMP_8925512,Magic 暫存表,4,,N
TEMP_8928618,Magic 暫存表,3,,N
TEMP_8929925,Magic 暫存表,6,,N
TEMP_8931720,Magic 暫存表,8,,N
TEMP_8933040,Magic 暫存表,9,,N
TEMP_8943434,Magic 暫存表,4,,N
TEMP_8944097,Magic 暫存表,1,,N
TEMP_8945358,Magic 暫存表,8,,N
TEMP_8947829,Magic 暫存表,1,,N
TEMP_8957218,Magic 暫存表,6,,N
TEMP_8957750,Magic 暫存表,1,,N
TEMP_8957952,Magic 暫存表,6,,N
TEMP_8960658,Magic 暫存表,1,,N
TEMP_8960975,Magic 暫存表,1,,N
TEMP_8963581,Magic 暫存表,3,,N
TEMP_8965796,Magic 暫存表,5,,N
TEMP_8966262,Magic 暫存表,2,,N
TEMP_8970944,Magic 暫存表,4,,N
TEMP_8972146,Magic 暫存表,0,,N
TEMP_8973304,Magic 暫存表,0,,N
TEMP_8975400,Magic 暫存表,4,,N
TEMP_8975456,Magic 暫存表,7,,N
TEMP_8976160,Magic 暫存表,9,,N
TEMP_8978004,Magic 暫存表,2,,N
TEMP_8979250,Magic 暫存表,1,,N
TEMP_8981490,Magic 暫存表,5,,N
TEMP_8983090,Magic 暫存表,1,,N
TEMP_8983669,Magic 暫存表,1,,N
TEMP_8990164,Magic 暫存表,3,,N
TEMP_8991184,Magic 暫存表,2,,N
TEMP_8992784,Magic 暫存表,4,,N
TEMP_8996312,Magic 暫存表,6,,N
TEMP_8997848,Magic 暫存表,2,,N
TEMP_8998122,Magic 暫存表,3,,N
TEMP_9003033,Magic 暫存表,1,,N
TEMP_9004352,Magic 暫存表,7,,N
TEMP_9005416,Magic 暫存表,6,,N
TEMP_9006824,Magic 暫存表,7,,N
TEMP_9007296,Magic 暫存表,7,,N
TEMP_9008250,Magic 暫存表,8,,N
TEMP_9009204,Magic 暫存表,3,,N
TEMP_9010989,Magic 暫存表,5,,N
TEMP_9017098,Magic 暫存表,2,,N
TEMP_9018329,Magic 暫存表,7,,N
TEMP_9022456,Magic 暫存表,4,,N
TEMP_9022658,Magic 暫存表,2,,N
TEMP_9027046,Magic 暫存表,1,,N
TEMP_9027972,Magic 暫存表,2,,N
TEMP_9032026,Magic 暫存表,3,,N
TEMP_9032876,Magic 暫存表,6,,N
TEMP_9035249,Magic 暫存表,2,,N
TEMP_9038238,Magic 暫存表,4,,N
TEMP_9043389,Magic 暫存表,5,,N
TEMP_9046771,Magic 暫存表,0,,N
TEMP_9052500,Magic 暫存表,4,,N
TEMP_9060454,Magic 暫存表,8,,N
TEMP_9062662,Magic 暫存表,5,,N
TEMP_9067085,Magic 暫存表,2,,N
TEMP_9069818,Magic 暫存表,5,,N
TEMP_9070240,Magic 暫存表,1,,N
TEMP_9073423,Magic 暫存表,6,,N
TEMP_9075144,Magic 暫存表,5,,N
TEMP_9077824,Magic 暫存表,2,,N
TEMP_9078838,Magic 暫存表,1,,N
TEMP_9079924,Magic 暫存表,4,,N
TEMP_9081157,Magic 暫存表,5,,N
TEMP_9082668,Magic 暫存表,2,,N
TEMP_9083342,Magic 暫存表,1,,N
TEMP_9084268,Magic 暫存表,0,,N
TEMP_9087258,Magic 暫存表,0,,N
TEMP_9088539,Magic 暫存表,1,,N
TEMP_9092872,Magic 暫存表,5,,N
TEMP_9095520,Magic 暫存表,4,,N
TEMP_9096574,Magic 暫存表,6,,N
TEMP_9099692,Magic 暫存表,1,,N
TEMP_9100176,Magic 暫存表,2,,N
TEMP_9103134,Magic 暫存表,0,,N
TEMP_9103671,Magic 暫存表,6,,N
TEMP_9103688,Magic 暫存表,2,,N
TEMP_9104548,Magic 暫存表,1,,N
TEMP_9108300,Magic 暫存表,5,,N
TEMP_9118200,Magic 暫存表,2,,N
TEMP_9118496,Magic 暫存表,2,,N
TEMP_9120056,Magic 暫存表,1,,N
TEMP_9124716,Magic 暫存表,2,,N
TEMP_9125892,Magic 暫存表,5,,N
TEMP_9126177,Magic 暫存表,1,,N
TEMP_9127644,Magic 暫存表,3,,N
TEMP_9128234,Magic 暫存表,2,,N
TEMP_9131376,Magic 暫存表,2,,N
TEMP_9145000,Magic 暫存表,2,,N
TEMP_9145784,Magic 暫存表,5,,N
TEMP_9147092,Magic 暫存表,3,,N
TEMP_9149687,Magic 暫存表,8,,N
TEMP_9150021,Magic 暫存表,1,,N
TEMP_9153474,Magic 暫存表,5,,N
TEMP_9156193,Magic 暫存表,2,,N
TEMP_9158032,Magic 暫存表,4,,N
TEMP_9158556,Magic 暫存表,2,,N
TEMP_9159704,Magic 暫存表,1,,N
TEMP_9167554,Magic 暫存表,5,,N
TEMP_9168160,Magic 暫存表,2,,N
TEMP_9171222,Magic 暫存表,1,,N
TEMP_9171659,Magic 暫存表,3,,N
TEMP_9176502,Magic 暫存表,5,,N
TEMP_9181012,Magic 暫存表,1,,N
TEMP_9187224,Magic 暫存表,5,,N
TEMP_9187704,Magic 暫存表,2,,N
TEMP_9187875,Magic 暫存表,7,,N
TEMP_9191288,Magic 暫存表,4,,N
TEMP_9194344,Magic 暫存表,4,,N
TEMP_9197954,Magic 暫存表,1,,N
TEMP_9199754,Magic 暫存表,2,,N
TEMP_9202966,Magic 暫存表,2,,N
TEMP_9203079,Magic 暫存表,3,,N
TEMP_9207996,Magic 暫存表,2,,N
TEMP_9210054,Magic 暫存表,1,,N
TEMP_9210112,Magic 暫存表,5,,N
TEMP_9212292,Magic 暫存表,3,,N
TEMP_9213903,Magic 暫存表,2,,N
TEMP_9215112,Magic 暫存表,2,,N
TEMP_9219480,Magic 暫存表,10,,N
TEMP_9221100,Magic 暫存表,0,,N
TEMP_9224733,Magic 暫存表,4,,N
TEMP_9225138,Magic 暫存表,8,,N
TEMP_9228336,Magic 暫存表,3,,N
TEMP_9228736,Magic 暫存表,1,,N
TEMP_9232744,Magic 暫存表,4,,N
TEMP_9232838,Magic 暫存表,4,,N
TEMP_9236018,Magic 暫存表,0,,N
TEMP_9236108,Magic 暫存表,2,,N
TEMP_9240440,Magic 暫存表,12,,N
TEMP_9247926,Magic 暫存表,1,,N
TEMP_9249362,Magic 暫存表,4,,N
TEMP_9250097,Magic 暫存表,3,,N
TEMP_9251074,Magic 暫存表,4,,N
TEMP_9251264,Magic 暫存表,1,,N
TEMP_9254700,Magic 暫存表,1,,N
TEMP_9257574,Magic 暫存表,0,,N
TEMP_9258625,Magic 暫存表,0,,N
TEMP_9259048,Magic 暫存表,1,,N
TEMP_9259736,Magic 暫存表,4,,N
TEMP_9262864,Magic 暫存表,9,,N
TEMP_9263979,Magic 暫存表,4,,N
TEMP_9266672,Magic 暫存表,4,,N
TEMP_9267100,Magic 暫存表,3,,N
TEMP_9270140,Magic 暫存表,3,,N
TEMP_9271725,Magic 暫存表,4,,N
TEMP_9274714,Magic 暫存表,5,,N
TEMP_9275784,Magic 暫存表,2,,N
TEMP_9276376,Magic 暫存表,0,,N
TEMP_9278864,Magic 暫存表,3,,N
TEMP_9279433,Magic 暫存表,3,,N
TEMP_9282704,Magic 暫存表,2,,N
TEMP_9284599,Magic 暫存表,2,,N
TEMP_9287940,Magic 暫存表,2,,N
TEMP_9289169,Magic 暫存表,5,,N
TEMP_9298264,Magic 暫存表,1,,N
TEMP_9301729,Magic 暫存表,3,,N
TEMP_9304796,Magic 暫存表,1,,N
TEMP_9305488,Magic 暫存表,2,,N
TEMP_9317280,Magic 暫存表,3,,N
TEMP_9318546,Magic 暫存表,3,,N
TEMP_9320496,Magic 暫存表,1,,N
TEMP_9328546,Magic 暫存表,0,,N
TEMP_9332220,Magic 暫存表,3,,N
TEMP_9332996,Magic 暫存表,1,,N
TEMP_9334171,Magic 暫存表,5,,N
TEMP_9334294,Magic 暫存表,4,,N
TEMP_9343179,Magic 暫存表,1,,N
TEMP_9347650,Magic 暫存表,1,,N
TEMP_9348400,Magic 暫存表,2,,N
TEMP_9353276,Magic 暫存表,4,,N
TEMP_9355060,Magic 暫存表,6,,N
TEMP_9363052,Magic 暫存表,3,,N
TEMP_9365012,Magic 暫存表,2,,N
TEMP_9365480,Magic 暫存表,5,,N
TEMP_9368018,Magic 暫存表,4,,N
TEMP_9369632,Magic 暫存表,1,,N
TEMP_9379474,Magic 暫存表,3,,N
TEMP_9380920,Magic 暫存表,12,,N
TEMP_9383824,Magic 暫存表,2,,N
TEMP_9388424,Magic 暫存表,5,,N
TEMP_9391951,Magic 暫存表,0,,N
TEMP_9394050,Magic 暫存表,1,,N
TEMP_9394396,Magic 暫存表,1,,N
TEMP_9396457,Magic 暫存表,4,,N
TEMP_9397376,Magic 暫存表,4,,N
TEMP_9399296,Magic 暫存表,8,,N
TEMP_9400000,Magic 暫存表,5,,N
TEMP_9402448,Magic 暫存表,20,,N
TEMP_9405244,Magic 暫存表,3,,N
TEMP_9406597,Magic 暫存表,2,,N
TEMP_9406708,Magic 暫存表,2,,N
TEMP_9407915,Magic 暫存表,5,,N
TEMP_9414033,Magic 暫存表,7,,N
TEMP_9420624,Magic 暫存表,5,,N
TEMP_9422584,Magic 暫存表,1,,N
TEMP_9430860,Magic 暫存表,4,,N
TEMP_9431659,Magic 暫存表,1,,N
TEMP_9435296,Magic 暫存表,4,,N
TEMP_9441065,Magic 暫存表,8,,N
TEMP_9441408,Magic 暫存表,2,,N
TEMP_9442100,Magic 暫存表,2,,N
TEMP_9442368,Magic 暫存表,2,,N
TEMP_9446196,Magic 暫存表,3,,N
TEMP_9449259,Magic 暫存表,7,,N
TEMP_9449372,Magic 暫存表,1,,N
TEMP_9449858,Magic 暫存表,7,,N
TEMP_9450312,Magic 暫存表,4,,N
TEMP_9450450,Magic 暫存表,4,,N
TEMP_9452288,Magic 暫存表,5,,N
TEMP_9455572,Magic 暫存表,2,,N
TEMP_9456915,Magic 暫存表,4,,N
TEMP_9464354,Magic 暫存表,4,,N
TEMP_9470296,Magic 暫存表,0,,N
TEMP_9473304,Magic 暫存表,2,,N
TEMP_9474548,Magic 暫存表,5,,N
TEMP_9475204,Magic 暫存表,5,,N
TEMP_9475756,Magic 暫存表,1,,N
TEMP_9481770,Magic 暫存表,1,,N
TEMP_9482704,Magic 暫存表,1,,N
TEMP_9482996,Magic 暫存表,0,,N
TEMP_9483945,Magic 暫存表,1,,N
TEMP_9486125,Magic 暫存表,11,,N
TEMP_9488009,Magic 暫存表,6,,N
TEMP_9500276,Magic 暫存表,2,,N
TEMP_9500924,Magic 暫存表,3,,N
TEMP_9503232,Magic 暫存表,8,,N
TEMP_9507472,Magic 暫存表,5,,N
TEMP_9517176,Magic 暫存表,5,,N
TEMP_9517857,Magic 暫存表,9,,N
TEMP_9519159,Magic 暫存表,4,,N
TEMP_9519297,Magic 暫存表,5,,N
TEMP_9534296,Magic 暫存表,159,,N
TEMP_9546081,Magic 暫存表,4,,N
TEMP_9547213,Magic 暫存表,2,,N
TEMP_9547378,Magic 暫存表,7,,N
TEMP_9549336,Magic 暫存表,5,,N
TEMP_9552219,Magic 暫存表,1,,N
TEMP_9552776,Magic 暫存表,3,,N
TEMP_9555172,Magic 暫存表,0,,N
TEMP_9560942,Magic 暫存表,3,,N
TEMP_9561862,Magic 暫存表,0,,N
TEMP_9564736,Magic 暫存表,1,,N
TEMP_9567376,Magic 暫存表,2,,N
TEMP_9568534,Magic 暫存表,4,,N
TEMP_9571076,Magic 暫存表,12,,N
TEMP_9572713,Magic 暫存表,2,,N
TEMP_9592888,Magic 暫存表,6,,N
TEMP_9594214,Magic 暫存表,2,,N
TEMP_9596704,Magic 暫存表,0,,N
TEMP_9598936,Magic 暫存表,5,,N
TEMP_9602672,Magic 暫存表,3,,N
TEMP_9606165,Magic 暫存表,3,,N
TEMP_9609354,Magic 暫存表,2,,N
TEMP_9610232,Magic 暫存表,6,,N
TEMP_9612030,Magic 暫存表,3,,N
TEMP_9612500,Magic 暫存表,3,,N
TEMP_9612830,Magic 暫存表,6,,N
TEMP_9614920,Magic 暫存表,1,,N
TEMP_9614960,Magic 暫存表,1,,N
TEMP_9615600,Magic 暫存表,1,,N
TEMP_9621572,Magic 暫存表,3,,N
TEMP_9623596,Magic 暫存表,0,,N
TEMP_9625605,Magic 暫存表,3,,N
TEMP_9630750,Magic 暫存表,18,,N
TEMP_9633133,Magic 暫存表,4,,N
TEMP_9635213,Magic 暫存表,2,,N
TEMP_9635292,Magic 暫存表,4,,N
TEMP_9640566,Magic 暫存表,1,,N
TEMP_9640706,Magic 暫存表,5,,N
TEMP_9646215,Magic 暫存表,1,,N
TEMP_9649488,Magic 暫存表,0,,N
TEMP_9650072,Magic 暫存表,1,,N
TEMP_9651520,Magic 暫存表,5,,N
TEMP_9652844,Magic 暫存表,0,,N
TEMP_9654880,Magic 暫存表,5,,N
TEMP_9657644,Magic 暫存表,4,,N
TEMP_9657800,Magic 暫存表,12,,N
TEMP_9657996,Magic 暫存表,2,,N
TEMP_9658061,Magic 暫存表,4,,N
TEMP_9659958,Magic 暫存表,4,,N
TEMP_9664473,Magic 暫存表,5,,N
TEMP_9666579,Magic 暫存表,5,,N
TEMP_9667066,Magic 暫存表,1,,N
TEMP_9672258,Magic 暫存表,3,,N
TEMP_9673400,Magic 暫存表,1,,N
TEMP_9680172,Magic 暫存表,6,,N
TEMP_9680887,Magic 暫存表,1,,N
TEMP_9682067,Magic 暫存表,3,,N
TEMP_9693296,Magic 暫存表,2,,N
TEMP_9695163,Magic 暫存表,7,,N
TEMP_9696056,Magic 暫存表,3,,N
TEMP_9696118,Magic 暫存表,0,,N
TEMP_9696287,Magic 暫存表,2,,N
TEMP_9696427,Magic 暫存表,1,,N
TEMP_9698827,Magic 暫存表,0,,N
TEMP_9700022,Magic 暫存表,2,,N
TEMP_9701418,Magic 暫存表,3,,N
TEMP_9701792,Magic 暫存表,4,,N
TEMP_9702008,Magic 暫存表,7,,N
TEMP_9702340,Magic 暫存表,3,,N
TEMP_9704704,Magic 暫存表,3,,N
TEMP_9707006,Magic 暫存表,5,,N
TEMP_9709986,Magic 暫存表,5,,N
TEMP_9712104,Magic 暫存表,2,,N
TEMP_9716485,Magic 暫存表,0,,N
TEMP_9717952,Magic 暫存表,1,,N
TEMP_9719152,Magic 暫存表,0,,N
TEMP_9721888,Magic 暫存表,3,,N
TEMP_9732921,Magic 暫存表,4,,N
TEMP_9733690,Magic 暫存表,3,,N
TEMP_9733856,Magic 暫存表,3,,N
TEMP_9740759,Magic 暫存表,4,,N
TEMP_9742466,Magic 暫存表,3,,N
TEMP_9743045,Magic 暫存表,4,,N
TEMP_9746996,Magic 暫存表,0,,N
TEMP_9747298,Magic 暫存表,3,,N
TEMP_9748750,Magic 暫存表,9,,N
TEMP_9750920,Magic 暫存表,4,,N
TEMP_9752350,Magic 暫存表,1,,N
TEMP_9753396,Magic 暫存表,0,,N
TEMP_9766336,Magic 暫存表,2,,N
TEMP_9766928,Magic 暫存表,2,,N
TEMP_9768376,Magic 暫存表,0,,N
TEMP_9770986,Magic 暫存表,3,,N
TEMP_9772666,Magic 暫存表,3,,N
TEMP_9774456,Magic 暫存表,1,,N
TEMP_9774829,Magic 暫存表,5,,N
TEMP_9775764,Magic 暫存表,3,,N
TEMP_9776393,Magic 暫存表,6,,N
TEMP_9778316,Magic 暫存表,3,,N
TEMP_9780592,Magic 暫存表,4,,N
TEMP_9782312,Magic 暫存表,3,,N
TEMP_9783160,Magic 暫存表,3,,N
TEMP_9785750,Magic 暫存表,3,,N
TEMP_9785882,Magic 暫存表,1,,N
TEMP_9789224,Magic 暫存表,1,,N
TEMP_9794216,Magic 暫存表,6,,N
TEMP_9794264,Magic 暫存表,2,,N
TEMP_9796704,Magic 暫存表,2,,N
TEMP_9800954,Magic 暫存表,1,,N
TEMP_9801500,Magic 暫存表,2,,N
TEMP_9802936,Magic 暫存表,4,,N
TEMP_9804341,Magic 暫存表,3,,N
TEMP_9805195,Magic 暫存表,6,,N
TEMP_9806346,Magic 暫存表,12,,N
TEMP_9807915,Magic 暫存表,2,,N
TEMP_9813186,Magic 暫存表,1,,N
TEMP_9814138,Magic 暫存表,4,,N
TEMP_9814544,Magic 暫存表,3,,N
TEMP_9823826,Magic 暫存表,4,,N
TEMP_9827171,Magic 暫存表,7,,N
TEMP_9827625,Magic 暫存表,5,,N
TEMP_9831204,Magic 暫存表,3,,N
TEMP_9831918,Magic 暫存表,1,,N
TEMP_9837565,Magic 暫存表,2,,N
TEMP_9839222,Magic 暫存表,1,,N
TEMP_9844084,Magic 暫存表,1,,N
TEMP_9844796,Magic 暫存表,2,,N
TEMP_9845244,Magic 暫存表,2,,N
TEMP_9849278,Magic 暫存表,2,,N
TEMP_9850028,Magic 暫存表,5,,N
TEMP_9851268,Magic 暫存表,4,,N
TEMP_9856476,Magic 暫存表,3,,N
TEMP_9857988,Magic 暫存表,7,,N
TEMP_9863416,Magic 暫存表,2,,N
TEMP_9870300,Magic 暫存表,5,,N
TEMP_9876160,Magic 暫存表,2,,N
TEMP_9876503,Magic 暫存表,11,,N
TEMP_9879780,Magic 暫存表,4,,N
TEMP_9882704,Magic 暫存表,0,,N
TEMP_9884010,Magic 暫存表,1,,N
TEMP_9885344,Magic 暫存表,14,,N
TEMP_9888506,Magic 暫存表,2,,N
TEMP_9888818,Magic 暫存表,3,,N
TEMP_9891072,Magic 暫存表,0,,N
TEMP_9893030,Magic 暫存表,4,,N
TEMP_9899848,Magic 暫存表,3,,N
TEMP_9909015,Magic 暫存表,7,,N
TEMP_9910043,Magic 暫存表,1,,N
TEMP_9917046,Magic 暫存表,2,,N
TEMP_9919770,Magic 暫存表,9,,N
TEMP_9921770,Magic 暫存表,18,,N
TEMP_9921862,Magic 暫存表,3,,N
TEMP_9924717,Magic 暫存表,4,,N
TEMP_9927730,Magic 暫存表,3,,N
TEMP_9932784,Magic 暫存表,2,,N
TEMP_9936448,Magic 暫存表,2,,N
TEMP_9943438,Magic 暫存表,1,,N
TEMP_9946396,Magic 暫存表,2,,N
TEMP_9947092,Magic 暫存表,4,,N
TEMP_9948502,Magic 暫存表,3,,N
TEMP_9949343,Magic 暫存表,5,,N
TEMP_9950966,Magic 暫存表,0,,N
TEMP_9951696,Magic 暫存表,2,,N
TEMP_9951890,Magic 暫存表,13,,N
TEMP_9952920,Magic 暫存表,1,,N
TEMP_9954765,Magic 暫存表,4,,N
TEMP_9958375,Magic 暫存表,3,,N
TEMP_9958580,Magic 暫存表,10,,N
TEMP_9959684,Magic 暫存表,4,,N
TEMP_9960632,Magic 暫存表,3,,N
TEMP_9960804,Magic 暫存表,2,,N
TEMP_9961477,Magic 暫存表,1,,N
TEMP_9965775,Magic 暫存表,3,,N
TEMP_9967584,Magic 暫存表,3,,N
TEMP_9969100,Magic 暫存表,3,,N
TEMP_9970464,Magic 暫存表,5,,N
TEMP_9970520,Magic 暫存表,1,,N
TEMP_9971704,Magic 暫存表,2,,N
TEMP_9971800,Magic 暫存表,9,,N
TEMP_9974079,Magic 暫存表,0,,N
TEMP_9974131,Magic 暫存表,7,,N
TEMP_9976158,Magic 暫存表,4,,N
TEMP_9982596,Magic 暫存表,0,,N
TEMP_9983954,Magic 暫存表,2,,N
TEMP_9987500,Magic 暫存表,1,,N
TEMP_9992342,Magic 暫存表,5,,N
TEMP_9997581,Magic 暫存表,7,,N
TMP10001,業務,1,TMP.發料試算,Y
TMP10002,業務,180484,TMP.批號庫存1,Y
TMP10003,業務,145,TMP.批號庫存2,Y
TMP10004,業務,5859,TMP.排程發佈,Y
TMP10005,業務,129,TMP.登入檢查,Y
USER_GROUPS,業務,0,User Groups,Y
USER_LOGINS,業務,1,User Logins,Y
USER_MODULES,業務,0,User_Modules,Y
USER_RIGHTS,業務,0,User Rights,Y
WKFIL2022,業務,241179,WK.材料異動數,Y
WKFILM017S,業務,23800,WK.材料不分倉批號庫存_S,Y
WKFILM018H,業務,18497,WK.不分倉批號異動檔_H,Y
WORKFLOWITEM,業務,14,WorkflowItem,Y
WTTABLE,業務,0,xx磅秤資料,Y
